
 /----------------------------------------------------------------------------\
 |  yosys -- Yosys Open SYnthesis Suite                                       |
 |  Copyright (C) 2012 - 2024  Claire Xenia Wolf <claire@yosyshq.com>         |
 |  Distributed under an ISC-like license, type "license" to see terms        |
 \----------------------------------------------------------------------------/
 Yosys 0.46 (git sha1 e97731b9dda91fa5fa53ed87df7c34163ba59a41, clang++ 17.0.6 -fPIC -O3)
Loaded SDC plugin

1. Executing Liberty frontend: /home/vboxuser/.ciel/ciel/sky130/versions/0fe599b2afb6708d281543108caf8310912f54af/sky130A/libs.ref/sky130_fd_sc_hd/lib/sky130_fd_sc_hd__tt_025C_1v80.lib
Imported 428 cell types from liberty file.
[INFO] Using SDC file '/home/vboxuser/Desktop/openlane/testing/runs/RUN_2026-08-18_07-41-02/06-yosys-synthesis/synthesis.abc.sdc' for ABC…

2. Executing Verilog-2005 frontend: /home/vboxuser/Desktop/openlane/testing/adder.sv
Parsing SystemVerilog input from `/home/vboxuser/Desktop/openlane/testing/adder.sv' to AST representation.
Storing AST representation for module `$abstract\adder'.
Successfully finished Verilog frontend.

3. Executing Verilog-2005 frontend: /home/vboxuser/Desktop/openlane/testing/alu.sv
Parsing SystemVerilog input from `/home/vboxuser/Desktop/openlane/testing/alu.sv' to AST representation.
Storing AST representation for module `$abstract\alu'.
Successfully finished Verilog frontend.

4. Executing Verilog-2005 frontend: /home/vboxuser/Desktop/openlane/testing/alu_decoder.sv
Parsing SystemVerilog input from `/home/vboxuser/Desktop/openlane/testing/alu_decoder.sv' to AST representation.
Storing AST representation for module `$abstract\alu_decoder'.
Successfully finished Verilog frontend.

5. Executing Verilog-2005 frontend: /home/vboxuser/Desktop/openlane/testing/apb_master.sv
Parsing SystemVerilog input from `/home/vboxuser/Desktop/openlane/testing/apb_master.sv' to AST representation.
Storing AST representation for module `$abstract\apb_master'.
Successfully finished Verilog frontend.

6. Executing Verilog-2005 frontend: /home/vboxuser/Desktop/openlane/testing/apb_slave_pwm.sv
Parsing SystemVerilog input from `/home/vboxuser/Desktop/openlane/testing/apb_slave_pwm.sv' to AST representation.
Storing AST representation for module `$abstract\apb_slave_pwm'.
Successfully finished Verilog frontend.

7. Executing Verilog-2005 frontend: /home/vboxuser/Desktop/openlane/testing/apb_slave_timer.sv
Parsing SystemVerilog input from `/home/vboxuser/Desktop/openlane/testing/apb_slave_timer.sv' to AST representation.
Storing AST representation for module `$abstract\apb_slave_timer'.
Successfully finished Verilog frontend.

8. Executing Verilog-2005 frontend: /home/vboxuser/Desktop/openlane/testing/apb_slave_uart.sv
Parsing SystemVerilog input from `/home/vboxuser/Desktop/openlane/testing/apb_slave_uart.sv' to AST representation.
Storing AST representation for module `$abstract\apb_slave_uart'.
Successfully finished Verilog frontend.

9. Executing Verilog-2005 frontend: /home/vboxuser/Desktop/openlane/testing/baud_rate.sv
Parsing SystemVerilog input from `/home/vboxuser/Desktop/openlane/testing/baud_rate.sv' to AST representation.
Storing AST representation for module `$abstract\baud_rate'.
Successfully finished Verilog frontend.

10. Executing Verilog-2005 frontend: /home/vboxuser/Desktop/openlane/testing/bridge.sv
Parsing SystemVerilog input from `/home/vboxuser/Desktop/openlane/testing/bridge.sv' to AST representation.
Storing AST representation for module `$abstract\bridge'.
Successfully finished Verilog frontend.

11. Executing Verilog-2005 frontend: /home/vboxuser/Desktop/openlane/testing/controller.sv
Parsing SystemVerilog input from `/home/vboxuser/Desktop/openlane/testing/controller.sv' to AST representation.
Storing AST representation for module `$abstract\controller'.
Successfully finished Verilog frontend.

12. Executing Verilog-2005 frontend: /home/vboxuser/Desktop/openlane/testing/control_logic.sv
Parsing SystemVerilog input from `/home/vboxuser/Desktop/openlane/testing/control_logic.sv' to AST representation.
Storing AST representation for module `$abstract\control_logic'.
Successfully finished Verilog frontend.

13. Executing Verilog-2005 frontend: /home/vboxuser/Desktop/openlane/testing/core.sv
Parsing SystemVerilog input from `/home/vboxuser/Desktop/openlane/testing/core.sv' to AST representation.
Storing AST representation for module `$abstract\core'.
Successfully finished Verilog frontend.

14. Executing Verilog-2005 frontend: /home/vboxuser/Desktop/openlane/testing/datapath.sv
Parsing SystemVerilog input from `/home/vboxuser/Desktop/openlane/testing/datapath.sv' to AST representation.
Storing AST representation for module `$abstract\datapath'.
Successfully finished Verilog frontend.

15. Executing Verilog-2005 frontend: /home/vboxuser/Desktop/openlane/testing/decoder_logic.sv
Parsing SystemVerilog input from `/home/vboxuser/Desktop/openlane/testing/decoder_logic.sv' to AST representation.
Storing AST representation for module `$abstract\decoder_logic'.
Successfully finished Verilog frontend.

16. Executing Verilog-2005 frontend: /home/vboxuser/Desktop/openlane/testing/deserializer.sv
Parsing SystemVerilog input from `/home/vboxuser/Desktop/openlane/testing/deserializer.sv' to AST representation.
Storing AST representation for module `$abstract\deserializer'.
Successfully finished Verilog frontend.

17. Executing Verilog-2005 frontend: /home/vboxuser/Desktop/openlane/testing/d_ff.sv
Parsing SystemVerilog input from `/home/vboxuser/Desktop/openlane/testing/d_ff.sv' to AST representation.
Storing AST representation for module `$abstract\d_ff'.
Successfully finished Verilog frontend.

18. Executing Verilog-2005 frontend: /home/vboxuser/Desktop/openlane/testing/dmem.sv
Parsing SystemVerilog input from `/home/vboxuser/Desktop/openlane/testing/dmem.sv' to AST representation.
Storing AST representation for module `$abstract\dmem'.
Successfully finished Verilog frontend.

19. Executing Verilog-2005 frontend: /home/vboxuser/Desktop/openlane/testing/extender.sv
Parsing SystemVerilog input from `/home/vboxuser/Desktop/openlane/testing/extender.sv' to AST representation.
Storing AST representation for module `$abstract\extender'.
Successfully finished Verilog frontend.

20. Executing Verilog-2005 frontend: /home/vboxuser/Desktop/openlane/testing/fifo.sv
Parsing SystemVerilog input from `/home/vboxuser/Desktop/openlane/testing/fifo.sv' to AST representation.
Storing AST representation for module `$abstract\fifo'.
Successfully finished Verilog frontend.

21. Executing Verilog-2005 frontend: /home/vboxuser/Desktop/openlane/testing/fifo_master.sv
Parsing SystemVerilog input from `/home/vboxuser/Desktop/openlane/testing/fifo_master.sv' to AST representation.
Storing AST representation for module `$abstract\fifo_master'.
Successfully finished Verilog frontend.

22. Executing Verilog-2005 frontend: /home/vboxuser/Desktop/openlane/testing/imem.sv
Parsing SystemVerilog input from `/home/vboxuser/Desktop/openlane/testing/imem.sv' to AST representation.
Storing AST representation for module `$abstract\imem'.
Successfully finished Verilog frontend.

23. Executing Verilog-2005 frontend: /home/vboxuser/Desktop/openlane/testing/main_decoder.sv
Parsing SystemVerilog input from `/home/vboxuser/Desktop/openlane/testing/main_decoder.sv' to AST representation.
Storing AST representation for module `$abstract\main_decoder'.
Successfully finished Verilog frontend.

24. Executing Verilog-2005 frontend: /home/vboxuser/Desktop/openlane/testing/master.sv
Parsing SystemVerilog input from `/home/vboxuser/Desktop/openlane/testing/master.sv' to AST representation.
Storing AST representation for module `$abstract\master'.
Successfully finished Verilog frontend.

25. Executing Verilog-2005 frontend: /home/vboxuser/Desktop/openlane/testing/mux_2.sv
Parsing SystemVerilog input from `/home/vboxuser/Desktop/openlane/testing/mux_2.sv' to AST representation.
Storing AST representation for module `$abstract\mux_2'.
Successfully finished Verilog frontend.

26. Executing Verilog-2005 frontend: /home/vboxuser/Desktop/openlane/testing/mux_3.sv
Parsing SystemVerilog input from `/home/vboxuser/Desktop/openlane/testing/mux_3.sv' to AST representation.
Storing AST representation for module `$abstract\mux_3'.
Successfully finished Verilog frontend.

27. Executing Verilog-2005 frontend: /home/vboxuser/Desktop/openlane/testing/normal.sv
Parsing SystemVerilog input from `/home/vboxuser/Desktop/openlane/testing/normal.sv' to AST representation.
Storing AST representation for module `$abstract\normal'.
Successfully finished Verilog frontend.

28. Executing Verilog-2005 frontend: /home/vboxuser/Desktop/openlane/testing/pwm.sv
Parsing SystemVerilog input from `/home/vboxuser/Desktop/openlane/testing/pwm.sv' to AST representation.
Storing AST representation for module `$abstract\pwm'.
Successfully finished Verilog frontend.

29. Executing Verilog-2005 frontend: /home/vboxuser/Desktop/openlane/testing/register_file.sv
Parsing SystemVerilog input from `/home/vboxuser/Desktop/openlane/testing/register_file.sv' to AST representation.
Storing AST representation for module `$abstract\register_file'.
Successfully finished Verilog frontend.

30. Executing Verilog-2005 frontend: /home/vboxuser/Desktop/openlane/testing/serializer.sv
Parsing SystemVerilog input from `/home/vboxuser/Desktop/openlane/testing/serializer.sv' to AST representation.
Storing AST representation for module `$abstract\serializer'.
Successfully finished Verilog frontend.

31. Executing Verilog-2005 frontend: /home/vboxuser/Desktop/openlane/testing/square.sv
Parsing SystemVerilog input from `/home/vboxuser/Desktop/openlane/testing/square.sv' to AST representation.
Storing AST representation for module `$abstract\square'.
Successfully finished Verilog frontend.

32. Executing Verilog-2005 frontend: /home/vboxuser/Desktop/openlane/testing/timer.sv
Parsing SystemVerilog input from `/home/vboxuser/Desktop/openlane/testing/timer.sv' to AST representation.
Storing AST representation for module `$abstract\timer'.
Successfully finished Verilog frontend.

33. Executing Verilog-2005 frontend: /home/vboxuser/Desktop/openlane/testing/top.sv
Parsing SystemVerilog input from `/home/vboxuser/Desktop/openlane/testing/top.sv' to AST representation.
Storing AST representation for module `$abstract\top'.
Successfully finished Verilog frontend.

34. Executing Verilog-2005 frontend: /home/vboxuser/Desktop/openlane/testing/uart_rx.sv
Parsing SystemVerilog input from `/home/vboxuser/Desktop/openlane/testing/uart_rx.sv' to AST representation.
Storing AST representation for module `$abstract\uart_rx'.
Successfully finished Verilog frontend.

35. Executing Verilog-2005 frontend: /home/vboxuser/Desktop/openlane/testing/uart_soc.sv
Parsing SystemVerilog input from `/home/vboxuser/Desktop/openlane/testing/uart_soc.sv' to AST representation.
Storing AST representation for module `$abstract\uart_soc'.
Successfully finished Verilog frontend.

36. Executing Verilog-2005 frontend: /home/vboxuser/Desktop/openlane/testing/uart_tx.sv
Parsing SystemVerilog input from `/home/vboxuser/Desktop/openlane/testing/uart_tx.sv' to AST representation.
Storing AST representation for module `$abstract\uart_tx'.
Successfully finished Verilog frontend.

37. Executing HIERARCHY pass (managing design hierarchy).

38. Executing AST frontend in derive mode using pre-parsed AST for module `\top'.
Generating RTLIL representation for module `\top'.

38.1. Analyzing design hierarchy..
Top module:  \top

38.2. Executing AST frontend in derive mode using pre-parsed AST for module `\dmem'.
Generating RTLIL representation for module `\dmem'.

38.3. Executing AST frontend in derive mode using pre-parsed AST for module `\bridge'.
Generating RTLIL representation for module `\bridge'.

38.4. Executing AST frontend in derive mode using pre-parsed AST for module `\imem'.
Generating RTLIL representation for module `\imem'.

38.5. Executing AST frontend in derive mode using pre-parsed AST for module `\core'.
Generating RTLIL representation for module `\core'.

38.6. Analyzing design hierarchy..
Top module:  \top
Used module:     \dmem
Used module:     \bridge
Used module:     \imem
Used module:     \core

38.7. Executing AST frontend in derive mode using pre-parsed AST for module `\datapath'.
Generating RTLIL representation for module `\datapath'.

38.8. Executing AST frontend in derive mode using pre-parsed AST for module `\controller'.
Generating RTLIL representation for module `\controller'.

38.9. Executing AST frontend in derive mode using pre-parsed AST for module `\fifo_master'.
Generating RTLIL representation for module `\fifo_master'.

38.10. Analyzing design hierarchy..
Top module:  \top
Used module:     \dmem
Used module:     \bridge
Used module:         \fifo_master
Used module:     \imem
Used module:     \core
Used module:         \datapath
Used module:         \controller

38.11. Executing AST frontend in derive mode using pre-parsed AST for module `\master'.
Generating RTLIL representation for module `\master'.
Parameter \depth = 4
Parameter \width = 64

38.12. Executing AST frontend in derive mode using pre-parsed AST for module `\fifo'.
Parameter \depth = 4
Parameter \width = 64
Generating RTLIL representation for module `$paramod$cb38a9cb809a1fe731ee8c292c54ee352df58f56\fifo'.

38.13. Executing AST frontend in derive mode using pre-parsed AST for module `\alu_decoder'.
Generating RTLIL representation for module `\alu_decoder'.

38.14. Executing AST frontend in derive mode using pre-parsed AST for module `\main_decoder'.
Generating RTLIL representation for module `\main_decoder'.

38.15. Executing AST frontend in derive mode using pre-parsed AST for module `\mux_3'.
Generating RTLIL representation for module `\mux_3'.

38.16. Executing AST frontend in derive mode using pre-parsed AST for module `\alu'.
Generating RTLIL representation for module `\alu'.

38.17. Executing AST frontend in derive mode using pre-parsed AST for module `\mux_2'.
Generating RTLIL representation for module `\mux_2'.

38.18. Executing AST frontend in derive mode using pre-parsed AST for module `\extender'.
Generating RTLIL representation for module `\extender'.

38.19. Executing AST frontend in derive mode using pre-parsed AST for module `\register_file'.
Generating RTLIL representation for module `\register_file'.

38.20. Executing AST frontend in derive mode using pre-parsed AST for module `\adder'.
Generating RTLIL representation for module `\adder'.

38.21. Executing AST frontend in derive mode using pre-parsed AST for module `\d_ff'.
Generating RTLIL representation for module `\d_ff'.

38.22. Analyzing design hierarchy..
Top module:  \top
Used module:     \dmem
Used module:     \bridge
Used module:         \fifo_master
Used module:             \master
Used module:             $paramod$cb38a9cb809a1fe731ee8c292c54ee352df58f56\fifo
Used module:     \imem
Used module:     \core
Used module:         \datapath
Used module:             \mux_3
Used module:             \alu
Used module:             \mux_2
Used module:             \extender
Used module:             \register_file
Used module:             \adder
Used module:             \d_ff
Used module:         \controller
Used module:             \alu_decoder
Used module:             \main_decoder

38.23. Executing AST frontend in derive mode using pre-parsed AST for module `\apb_slave_timer'.
Generating RTLIL representation for module `\apb_slave_timer'.

38.24. Executing AST frontend in derive mode using pre-parsed AST for module `\apb_slave_pwm'.
Generating RTLIL representation for module `\apb_slave_pwm'.

38.25. Executing AST frontend in derive mode using pre-parsed AST for module `\apb_slave_uart'.
Generating RTLIL representation for module `\apb_slave_uart'.

38.26. Executing AST frontend in derive mode using pre-parsed AST for module `\apb_master'.
Generating RTLIL representation for module `\apb_master'.

38.27. Analyzing design hierarchy..
Top module:  \top
Used module:     \dmem
Used module:     \bridge
Used module:         \fifo_master
Used module:             \master
Used module:                 \apb_slave_timer
Used module:                 \apb_slave_pwm
Used module:                 \apb_slave_uart
Used module:                 \apb_master
Used module:             $paramod$cb38a9cb809a1fe731ee8c292c54ee352df58f56\fifo
Used module:     \imem
Used module:     \core
Used module:         \datapath
Used module:             \mux_3
Used module:             \alu
Used module:             \mux_2
Used module:             \extender
Used module:             \register_file
Used module:             \adder
Used module:             \d_ff
Used module:         \controller
Used module:             \alu_decoder
Used module:             \main_decoder

38.28. Executing AST frontend in derive mode using pre-parsed AST for module `\uart_soc'.
Generating RTLIL representation for module `\uart_soc'.

38.29. Executing AST frontend in derive mode using pre-parsed AST for module `\pwm'.
Generating RTLIL representation for module `\pwm'.

38.30. Executing AST frontend in derive mode using pre-parsed AST for module `\timer'.
Generating RTLIL representation for module `\timer'.

38.31. Analyzing design hierarchy..
Top module:  \top
Used module:     \dmem
Used module:     \bridge
Used module:         \fifo_master
Used module:             \master
Used module:                 \apb_slave_timer
Used module:                     \timer
Used module:                 \apb_slave_pwm
Used module:                     \pwm
Used module:                 \apb_slave_uart
Used module:                     \uart_soc
Used module:                 \apb_master
Used module:             $paramod$cb38a9cb809a1fe731ee8c292c54ee352df58f56\fifo
Used module:     \imem
Used module:     \core
Used module:         \datapath
Used module:             \mux_3
Used module:             \alu
Used module:             \mux_2
Used module:             \extender
Used module:             \register_file
Used module:             \adder
Used module:             \d_ff
Used module:         \controller
Used module:             \alu_decoder
Used module:             \main_decoder

38.32. Executing AST frontend in derive mode using pre-parsed AST for module `\decoder_logic'.
Generating RTLIL representation for module `\decoder_logic'.

38.33. Executing AST frontend in derive mode using pre-parsed AST for module `\control_logic'.
Generating RTLIL representation for module `\control_logic'.

38.34. Executing AST frontend in derive mode using pre-parsed AST for module `\deserializer'.
Generating RTLIL representation for module `\deserializer'.

38.35. Executing AST frontend in derive mode using pre-parsed AST for module `\uart_rx'.
Generating RTLIL representation for module `\uart_rx'.

38.36. Executing AST frontend in derive mode using pre-parsed AST for module `\uart_tx'.
Generating RTLIL representation for module `\uart_tx'.

38.37. Executing AST frontend in derive mode using pre-parsed AST for module `\serializer'.
Generating RTLIL representation for module `\serializer'.

38.38. Executing AST frontend in derive mode using pre-parsed AST for module `\baud_rate'.
Generating RTLIL representation for module `\baud_rate'.

38.39. Analyzing design hierarchy..
Top module:  \top
Used module:     \dmem
Used module:     \bridge
Used module:         \fifo_master
Used module:             \master
Used module:                 \apb_slave_timer
Used module:                     \timer
Used module:                         \decoder_logic
Used module:                         \control_logic
Used module:                 \apb_slave_pwm
Used module:                     \pwm
Used module:                 \apb_slave_uart
Used module:                     \uart_soc
Used module:                         \deserializer
Used module:                         \uart_rx
Used module:                         \uart_tx
Used module:                         \serializer
Used module:                         \baud_rate
Used module:                 \apb_master
Used module:             $paramod$cb38a9cb809a1fe731ee8c292c54ee352df58f56\fifo
Used module:     \imem
Used module:     \core
Used module:         \datapath
Used module:             \mux_3
Used module:             \alu
Used module:             \mux_2
Used module:             \extender
Used module:             \register_file
Used module:             \adder
Used module:             \d_ff
Used module:         \controller
Used module:             \alu_decoder
Used module:             \main_decoder
Parameter \N = 16

38.40. Executing AST frontend in derive mode using pre-parsed AST for module `\square'.
Parameter \N = 16
Generating RTLIL representation for module `$paramod\square\N=s32'00000000000000000000000000010000'.
Parameter \N = 16

38.41. Executing AST frontend in derive mode using pre-parsed AST for module `\normal'.
Parameter \N = 16
Generating RTLIL representation for module `$paramod\normal\N=s32'00000000000000000000000000010000'.

38.42. Analyzing design hierarchy..
Top module:  \top
Used module:     \dmem
Used module:     \bridge
Used module:         \fifo_master
Used module:             \master
Used module:                 \apb_slave_timer
Used module:                     \timer
Used module:                         \decoder_logic
Used module:                             $paramod\square\N=s32'00000000000000000000000000010000
Used module:                             $paramod\normal\N=s32'00000000000000000000000000010000
Used module:                         \control_logic
Used module:                 \apb_slave_pwm
Used module:                     \pwm
Used module:                 \apb_slave_uart
Used module:                     \uart_soc
Used module:                         \deserializer
Used module:                         \uart_rx
Used module:                         \uart_tx
Used module:                         \serializer
Used module:                         \baud_rate
Used module:                 \apb_master
Used module:             $paramod$cb38a9cb809a1fe731ee8c292c54ee352df58f56\fifo
Used module:     \imem
Used module:     \core
Used module:         \datapath
Used module:             \mux_3
Used module:             \alu
Used module:             \mux_2
Used module:             \extender
Used module:             \register_file
Used module:             \adder
Used module:             \d_ff
Used module:         \controller
Used module:             \alu_decoder
Used module:             \main_decoder

38.43. Analyzing design hierarchy..
Top module:  \top
Used module:     \dmem
Used module:     \bridge
Used module:         \fifo_master
Used module:             \master
Used module:                 \apb_slave_timer
Used module:                     \timer
Used module:                         \decoder_logic
Used module:                             $paramod\square\N=s32'00000000000000000000000000010000
Used module:                             $paramod\normal\N=s32'00000000000000000000000000010000
Used module:                         \control_logic
Used module:                 \apb_slave_pwm
Used module:                     \pwm
Used module:                 \apb_slave_uart
Used module:                     \uart_soc
Used module:                         \deserializer
Used module:                         \uart_rx
Used module:                         \uart_tx
Used module:                         \serializer
Used module:                         \baud_rate
Used module:                 \apb_master
Used module:             $paramod$cb38a9cb809a1fe731ee8c292c54ee352df58f56\fifo
Used module:     \imem
Used module:     \core
Used module:         \datapath
Used module:             \mux_3
Used module:             \alu
Used module:             \mux_2
Used module:             \extender
Used module:             \register_file
Used module:             \adder
Used module:             \d_ff
Used module:         \controller
Used module:             \alu_decoder
Used module:             \main_decoder
Removing unused module `$abstract\uart_tx'.
Removing unused module `$abstract\uart_soc'.
Removing unused module `$abstract\uart_rx'.
Removing unused module `$abstract\top'.
Removing unused module `$abstract\timer'.
Removing unused module `$abstract\square'.
Removing unused module `$abstract\serializer'.
Removing unused module `$abstract\register_file'.
Removing unused module `$abstract\pwm'.
Removing unused module `$abstract\normal'.
Removing unused module `$abstract\mux_3'.
Removing unused module `$abstract\mux_2'.
Removing unused module `$abstract\master'.
Removing unused module `$abstract\main_decoder'.
Removing unused module `$abstract\imem'.
Removing unused module `$abstract\fifo_master'.
Removing unused module `$abstract\fifo'.
Removing unused module `$abstract\extender'.
Removing unused module `$abstract\dmem'.
Removing unused module `$abstract\d_ff'.
Removing unused module `$abstract\deserializer'.
Removing unused module `$abstract\decoder_logic'.
Removing unused module `$abstract\datapath'.
Removing unused module `$abstract\core'.
Removing unused module `$abstract\control_logic'.
Removing unused module `$abstract\controller'.
Removing unused module `$abstract\bridge'.
Removing unused module `$abstract\baud_rate'.
Removing unused module `$abstract\apb_slave_uart'.
Removing unused module `$abstract\apb_slave_timer'.
Removing unused module `$abstract\apb_slave_pwm'.
Removing unused module `$abstract\apb_master'.
Removing unused module `$abstract\alu_decoder'.
Removing unused module `$abstract\alu'.
Removing unused module `$abstract\adder'.
Removed 35 unused modules.
Renaming module top to top.

39. Generating Graphviz representation of design.
Writing dot description to `/home/vboxuser/Desktop/openlane/testing/runs/RUN_2026-08-18_07-41-02/06-yosys-synthesis/hierarchy.dot'.
Dumping module top to page 1.

40. Executing TRIBUF pass.

41. Executing HIERARCHY pass (managing design hierarchy).

41.1. Analyzing design hierarchy..
Top module:  \top
Used module:     \dmem
Used module:     \bridge
Used module:         \fifo_master
Used module:             \master
Used module:                 \apb_slave_timer
Used module:                     \timer
Used module:                         \decoder_logic
Used module:                             $paramod\square\N=s32'00000000000000000000000000010000
Used module:                             $paramod\normal\N=s32'00000000000000000000000000010000
Used module:                         \control_logic
Used module:                 \apb_slave_pwm
Used module:                     \pwm
Used module:                 \apb_slave_uart
Used module:                     \uart_soc
Used module:                         \deserializer
Used module:                         \uart_rx
Used module:                         \uart_tx
Used module:                         \serializer
Used module:                         \baud_rate
Used module:                 \apb_master
Used module:             $paramod$cb38a9cb809a1fe731ee8c292c54ee352df58f56\fifo
Used module:     \imem
Used module:     \core
Used module:         \datapath
Used module:             \mux_3
Used module:             \alu
Used module:             \mux_2
Used module:             \extender
Used module:             \register_file
Used module:             \adder
Used module:             \d_ff
Used module:         \controller
Used module:             \alu_decoder
Used module:             \main_decoder

41.2. Analyzing design hierarchy..
Top module:  \top
Used module:     \dmem
Used module:     \bridge
Used module:         \fifo_master
Used module:             \master
Used module:                 \apb_slave_timer
Used module:                     \timer
Used module:                         \decoder_logic
Used module:                             $paramod\square\N=s32'00000000000000000000000000010000
Used module:                             $paramod\normal\N=s32'00000000000000000000000000010000
Used module:                         \control_logic
Used module:                 \apb_slave_pwm
Used module:                     \pwm
Used module:                 \apb_slave_uart
Used module:                     \uart_soc
Used module:                         \deserializer
Used module:                         \uart_rx
Used module:                         \uart_tx
Used module:                         \serializer
Used module:                         \baud_rate
Used module:                 \apb_master
Used module:             $paramod$cb38a9cb809a1fe731ee8c292c54ee352df58f56\fifo
Used module:     \imem
Used module:     \core
Used module:         \datapath
Used module:             \mux_3
Used module:             \alu
Used module:             \mux_2
Used module:             \extender
Used module:             \register_file
Used module:             \adder
Used module:             \d_ff
Used module:         \controller
Used module:             \alu_decoder
Used module:             \main_decoder
Removed 0 unused modules.

42. Executing PROC_CLEAN pass (remove empty switches from decision trees).
Found and cleaned up 1 empty switch in `\deserializer.$proc$/home/vboxuser/Desktop/openlane/testing/deserializer.sv:0$319'.
Removing empty process `deserializer.$proc$/home/vboxuser/Desktop/openlane/testing/deserializer.sv:0$319'.
Found and cleaned up 1 empty switch in `\control_logic.$proc$/home/vboxuser/Desktop/openlane/testing/control_logic.sv:0$314'.
Removing empty process `control_logic.$proc$/home/vboxuser/Desktop/openlane/testing/control_logic.sv:0$314'.
Found and cleaned up 1 empty switch in `\extender.$proc$/home/vboxuser/Desktop/openlane/testing/extender.sv:0$146'.
Removing empty process `extender.$proc$/home/vboxuser/Desktop/openlane/testing/extender.sv:0$146'.
Found and cleaned up 1 empty switch in `\imem.$proc$/home/vboxuser/Desktop/openlane/testing/imem.sv:0$45'.
Removing empty process `imem.$proc$/home/vboxuser/Desktop/openlane/testing/imem.sv:0$45'.
Found and cleaned up 1 empty switch in `\dmem.$proc$/home/vboxuser/Desktop/openlane/testing/dmem.sv:0$7'.
Removing empty process `dmem.$proc$/home/vboxuser/Desktop/openlane/testing/dmem.sv:0$7'.
Found and cleaned up 1 empty switch in `\dmem.$proc$/home/vboxuser/Desktop/openlane/testing/dmem.sv:0$5'.
Removing empty process `dmem.$proc$/home/vboxuser/Desktop/openlane/testing/dmem.sv:0$5'.
Cleaned up 6 empty switches.

43. Executing PROC_RMDEAD pass (remove dead branches from decision trees).
Marked 5 switch rules as full_case in process $proc$/home/vboxuser/Desktop/openlane/testing/square.sv:38$376 in module $paramod\square\N=s32'00000000000000000000000000010000.
Marked 2 switch rules as full_case in process $proc$/home/vboxuser/Desktop/openlane/testing/baud_rate.sv:48$373 in module baud_rate.
Marked 2 switch rules as full_case in process $proc$/home/vboxuser/Desktop/openlane/testing/baud_rate.sv:33$370 in module baud_rate.
Marked 5 switch rules as full_case in process $proc$/home/vboxuser/Desktop/openlane/testing/serializer.sv:40$363 in module serializer.
Removed 1 dead cases from process $proc$/home/vboxuser/Desktop/openlane/testing/uart_tx.sv:37$358 in module uart_tx.
Marked 3 switch rules as full_case in process $proc$/home/vboxuser/Desktop/openlane/testing/uart_tx.sv:37$358 in module uart_tx.
Marked 9 switch rules as full_case in process $proc$/home/vboxuser/Desktop/openlane/testing/uart_rx.sv:39$326 in module uart_rx.
Marked 3 switch rules as full_case in process $proc$/home/vboxuser/Desktop/openlane/testing/deserializer.sv:52$321 in module deserializer.
Marked 1 switch rules as full_case in process $proc$/home/vboxuser/Desktop/openlane/testing/deserializer.sv:41$318 in module deserializer.
Marked 5 switch rules as full_case in process $proc$/home/vboxuser/Desktop/openlane/testing/control_logic.sv:45$313 in module control_logic.
Marked 1 switch rules as full_case in process $proc$/home/vboxuser/Desktop/openlane/testing/decoder_logic.sv:0$311 in module decoder_logic.
Marked 3 switch rules as full_case in process $proc$/home/vboxuser/Desktop/openlane/testing/pwm.sv:55$303 in module pwm.
Marked 1 switch rules as full_case in process $proc$/home/vboxuser/Desktop/openlane/testing/pwm.sv:36$301 in module pwm.
Marked 7 switch rules as full_case in process $proc$/home/vboxuser/Desktop/openlane/testing/apb_master.sv:45$289 in module apb_master.
Marked 1 switch rules as full_case in process $proc$/home/vboxuser/Desktop/openlane/testing/apb_slave_uart.sv:47$280 in module apb_slave_uart.
Marked 1 switch rules as full_case in process $proc$/home/vboxuser/Desktop/openlane/testing/apb_slave_pwm.sv:40$272 in module apb_slave_pwm.
Marked 1 switch rules as full_case in process $proc$/home/vboxuser/Desktop/openlane/testing/apb_slave_timer.sv:41$264 in module apb_slave_timer.
Marked 1 switch rules as full_case in process $proc$/home/vboxuser/Desktop/openlane/testing/d_ff.sv:29$263 in module d_ff.
Marked 1 switch rules as full_case in process $proc$/home/vboxuser/Desktop/openlane/testing/register_file.sv:49$187 in module register_file.
Marked 1 switch rules as full_case in process $proc$/home/vboxuser/Desktop/openlane/testing/extender.sv:0$145 in module extender.
Removed 1 dead cases from process $proc$/home/vboxuser/Desktop/openlane/testing/mux_2.sv:0$144 in module mux_2.
Marked 1 switch rules as full_case in process $proc$/home/vboxuser/Desktop/openlane/testing/mux_2.sv:0$144 in module mux_2.
Marked 3 switch rules as full_case in process $proc$/home/vboxuser/Desktop/openlane/testing/alu.sv:0$132 in module alu.
Marked 1 switch rules as full_case in process $proc$/home/vboxuser/Desktop/openlane/testing/mux_3.sv:0$131 in module mux_3.
Marked 1 switch rules as full_case in process $proc$/home/vboxuser/Desktop/openlane/testing/main_decoder.sv:0$130 in module main_decoder.
Removed 1 dead cases from process $proc$/home/vboxuser/Desktop/openlane/testing/alu_decoder.sv:0$128 in module alu_decoder.
Marked 4 switch rules as full_case in process $proc$/home/vboxuser/Desktop/openlane/testing/alu_decoder.sv:0$128 in module alu_decoder.
Marked 1 switch rules as full_case in process $proc$/home/vboxuser/Desktop/openlane/testing/fifo.sv:51$119 in module $paramod$cb38a9cb809a1fe731ee8c292c54ee352df58f56\fifo.
Marked 2 switch rules as full_case in process $proc$/home/vboxuser/Desktop/openlane/testing/fifo.sv:39$106 in module $paramod$cb38a9cb809a1fe731ee8c292c54ee352df58f56\fifo.
Marked 1 switch rules as full_case in process $proc$/home/vboxuser/Desktop/openlane/testing/master.sv:0$104 in module master.
Marked 2 switch rules as full_case in process $proc$/home/vboxuser/Desktop/openlane/testing/controller.sv:0$94 in module controller.
Marked 2 switch rules as full_case in process $proc$/home/vboxuser/Desktop/openlane/testing/bridge.sv:0$19 in module bridge.
Marked 1 switch rules as full_case in process $proc$/home/vboxuser/Desktop/openlane/testing/dmem.sv:62$9 in module dmem.
Marked 5 switch rules as full_case in process $proc$/home/vboxuser/Desktop/openlane/testing/normal.sv:42$382 in module $paramod\normal\N=s32'00000000000000000000000000010000.
Removed a total of 3 dead cases.

44. Executing PROC_PRUNE pass (remove redundant assignments in processes).
Removed 15 redundant assignments.
Promoted 80 assignments to connections.

45. Executing PROC_INIT pass (extract init attributes).

46. Executing PROC_ARST pass (detect async resets in processes).

47. Executing PROC_ROM pass (convert switches to ROMs).
Converted 0 switches.
<suppressed ~99 debug messages>

48. Executing PROC_MUX pass (convert decision trees to multiplexers).
Creating decoders for process `$paramod\square\N=s32'00000000000000000000000000010000.$proc$/home/vboxuser/Desktop/openlane/testing/square.sv:38$376'.
     1/6: $0\running[0:0]
     2/6: $0\mem[15:0]
     3/6: $0\counter[15:0]
     4/6: $0\state[1:0]
     5/6: $0\write_pending[0:0]
     6/6: $0\wave[0:0]
Creating decoders for process `\baud_rate.$proc$/home/vboxuser/Desktop/openlane/testing/baud_rate.sv:48$373'.
     1/2: $0\rx_en[0:0]
     2/2: $0\receiver[8:0]
Creating decoders for process `\baud_rate.$proc$/home/vboxuser/Desktop/openlane/testing/baud_rate.sv:33$370'.
     1/2: $0\tx_en[0:0]
     2/2: $0\transmitter[12:0]
Creating decoders for process `\serializer.$proc$/home/vboxuser/Desktop/openlane/testing/serializer.sv:40$363'.
     1/6: $0\master_write[0:0]
     2/6: $0\waiting_for_busy[0:0]
     3/6: $0\mem[31:0]
     4/6: $0\counter[1:0]
     5/6: $0\master_busy[0:0]
     6/6: $0\data_out[7:0]
Creating decoders for process `\uart_tx.$proc$/home/vboxuser/Desktop/openlane/testing/uart_tx.sv:37$358'.
     1/4: $0\index[2:0]
     2/4: $0\tx[0:0]
     3/4: $0\state[1:0]
     4/4: $0\data[7:0]
Creating decoders for process `\uart_rx.$proc$/home/vboxuser/Desktop/openlane/testing/uart_rx.sv:39$326'.
     1/17: $7$lookahead\temp$325[7:0]$344
     2/17: $5$bitselwrite$pos$/home/vboxuser/Desktop/openlane/testing/uart_rx.sv:72$324[2:0]$343
     3/17: $6$lookahead\temp$325[7:0]$340
     4/17: $5$lookahead\temp$325[7:0]$338
     5/17: $4$lookahead\temp$325[7:0]$336
     6/17: $4$bitselwrite$pos$/home/vboxuser/Desktop/openlane/testing/uart_rx.sv:72$324[2:0]$335
     7/17: $3$lookahead\temp$325[7:0]$334
     8/17: $3$bitselwrite$pos$/home/vboxuser/Desktop/openlane/testing/uart_rx.sv:72$324[2:0]$333
     9/17: $2$lookahead\temp$325[7:0]$332
    10/17: $2$bitselwrite$pos$/home/vboxuser/Desktop/openlane/testing/uart_rx.sv:72$324[2:0]$331
    11/17: $1$lookahead\temp$325[7:0]$330
    12/17: $1$bitselwrite$pos$/home/vboxuser/Desktop/openlane/testing/uart_rx.sv:72$324[2:0]$329
    13/17: $0\sample[3:0]
    14/17: $0\index[2:0]
    15/17: $0\rdy[0:0]
    16/17: $0\state[1:0]
    17/17: $0\data_out[7:0]
Creating decoders for process `\deserializer.$proc$/home/vboxuser/Desktop/openlane/testing/deserializer.sv:52$321'.
     1/8: $0\mem[31:0] [15:8]
     2/8: $0\mem[31:0] [7:0]
     3/8: $0\mem[31:0] [23:16]
     4/8: $0\mem[31:0] [31:24]
     5/8: $0\master_ready[0:0]
     6/8: $0\rdy_clear[0:0]
     7/8: $0\counter[1:0]
     8/8: $0\data_out[31:0]
Creating decoders for process `\deserializer.$proc$/home/vboxuser/Desktop/openlane/testing/deserializer.sv:41$318'.
     1/1: $0\ready_d[0:0]
Creating decoders for process `\control_logic.$proc$/home/vboxuser/Desktop/openlane/testing/control_logic.sv:45$313'.
     1/3: $0\control_word[5:0]
     2/3: $0\counter_value[7:0]
     3/3: $0\bit_16[15:0]
Creating decoders for process `\decoder_logic.$proc$/home/vboxuser/Desktop/openlane/testing/decoder_logic.sv:0$311'.
     1/2: $1\write_normal[0:0]
     2/2: $1\write_square[0:0]
Creating decoders for process `\pwm.$proc$/home/vboxuser/Desktop/openlane/testing/pwm.sv:55$303'.
     1/1: $0\counter[15:0]
Creating decoders for process `\pwm.$proc$/home/vboxuser/Desktop/openlane/testing/pwm.sv:36$301'.
     1/1: $0\pwm_data[31:0]
Creating decoders for process `\apb_master.$proc$/home/vboxuser/Desktop/openlane/testing/apb_master.sv:45$289'.
     1/7: $0\state[1:0]
     2/7: $0\penable[0:0]
     3/7: $0\pwdata[31:0]
     4/7: $0\pwrite[0:0]
     5/7: $0\trans[0:0]
     6/7: $0\psel[1:0]
     7/7: $0\r_en[0:0]
Creating decoders for process `\apb_slave_uart.$proc$/home/vboxuser/Desktop/openlane/testing/apb_slave_uart.sv:47$280'.
     1/4: $0\pwrite_en[0:0]
     2/4: $0\write_pending[0:0]
     3/4: $0\p_data[31:0]
     4/4: $0\pr_data[31:0]
Creating decoders for process `\apb_slave_pwm.$proc$/home/vboxuser/Desktop/openlane/testing/apb_slave_pwm.sv:40$272'.
     1/3: $0\pwrite_en[0:0]
     2/3: $0\write_pending[0:0]
     3/3: $0\p_data[31:0]
Creating decoders for process `\apb_slave_timer.$proc$/home/vboxuser/Desktop/openlane/testing/apb_slave_timer.sv:41$264'.
     1/3: $0\pwrite_en[0:0]
     2/3: $0\write_pending[0:0]
     3/3: $0\p_data[31:0]
Creating decoders for process `\d_ff.$proc$/home/vboxuser/Desktop/openlane/testing/d_ff.sv:29$263'.
     1/1: $0\out[31:0]
Creating decoders for process `\register_file.$proc$/home/vboxuser/Desktop/openlane/testing/register_file.sv:0$228'.
Creating decoders for process `\register_file.$proc$/home/vboxuser/Desktop/openlane/testing/register_file.sv:49$187'.
     1/3: $1$memwr$\register$/home/vboxuser/Desktop/openlane/testing/register_file.sv:53$180_EN[31:0]$195
     2/3: $1$memwr$\register$/home/vboxuser/Desktop/openlane/testing/register_file.sv:53$180_DATA[31:0]$194
     3/3: $1$memwr$\register$/home/vboxuser/Desktop/openlane/testing/register_file.sv:53$180_ADDR[4:0]$193
Creating decoders for process `\extender.$proc$/home/vboxuser/Desktop/openlane/testing/extender.sv:0$145'.
     1/1: $1\out[31:0]
Creating decoders for process `\mux_2.$proc$/home/vboxuser/Desktop/openlane/testing/mux_2.sv:0$144'.
     1/1: $1\y[31:0]
Creating decoders for process `\alu.$proc$/home/vboxuser/Desktop/openlane/testing/alu.sv:0$132'.
     1/3: $3\result[31:0]
     2/3: $2\result[31:0]
     3/3: $1\result[31:0]
Creating decoders for process `\mux_3.$proc$/home/vboxuser/Desktop/openlane/testing/mux_3.sv:0$131'.
     1/1: $1\y[31:0]
Creating decoders for process `\main_decoder.$proc$/home/vboxuser/Desktop/openlane/testing/main_decoder.sv:0$130'.
     1/1: $1\controls[12:0]
Creating decoders for process `\alu_decoder.$proc$/home/vboxuser/Desktop/openlane/testing/alu_decoder.sv:0$128'.
     1/4: $4\alu_con[3:0]
     2/4: $3\alu_con[3:0]
     3/4: $2\alu_con[3:0]
     4/4: $1\alu_con[3:0]
Creating decoders for process `$paramod$cb38a9cb809a1fe731ee8c292c54ee352df58f56\fifo.$proc$/home/vboxuser/Desktop/openlane/testing/fifo.sv:51$119'.
     1/1: $0\r_ptr[2:0]
Creating decoders for process `$paramod$cb38a9cb809a1fe731ee8c292c54ee352df58f56\fifo.$proc$/home/vboxuser/Desktop/openlane/testing/fifo.sv:39$106'.
     1/7: $2$memwr$\array$/home/vboxuser/Desktop/openlane/testing/fifo.sv:47$105_EN[63:0]$117
     2/7: $2$memwr$\array$/home/vboxuser/Desktop/openlane/testing/fifo.sv:47$105_DATA[63:0]$116
     3/7: $2$memwr$\array$/home/vboxuser/Desktop/openlane/testing/fifo.sv:47$105_ADDR[1:0]$115
     4/7: $1$memwr$\array$/home/vboxuser/Desktop/openlane/testing/fifo.sv:47$105_EN[63:0]$112
     5/7: $1$memwr$\array$/home/vboxuser/Desktop/openlane/testing/fifo.sv:47$105_DATA[63:0]$111
     6/7: $1$memwr$\array$/home/vboxuser/Desktop/openlane/testing/fifo.sv:47$105_ADDR[1:0]$110
     7/7: $0\w_ptr[2:0]
Creating decoders for process `\master.$proc$/home/vboxuser/Desktop/openlane/testing/master.sv:0$104'.
     1/1: $1\pready[0:0]
Creating decoders for process `\controller.$proc$/home/vboxuser/Desktop/openlane/testing/controller.sv:0$94'.
     1/2: $2\pc_src[1:0]
     2/2: $1\pc_src[1:0]
Creating decoders for process `\imem.$proc$/home/vboxuser/Desktop/openlane/testing/imem.sv:0$71'.
Creating decoders for process `\bridge.$proc$/home/vboxuser/Desktop/openlane/testing/bridge.sv:0$19'.
     1/6: $2\data_in[63:0]
     2/6: $2\apb_write[0:0]
     3/6: $2\dmem_write[0:0]
     4/6: $1\apb_write[0:0]
     5/6: $1\data_in[63:0]
     6/6: $1\dmem_write[0:0]
Creating decoders for process `\dmem.$proc$/home/vboxuser/Desktop/openlane/testing/dmem.sv:62$9'.
     1/3: $1$memwr$\ram$/home/vboxuser/Desktop/openlane/testing/dmem.sv:65$3_EN[31:0]$15
     2/3: $1$memwr$\ram$/home/vboxuser/Desktop/openlane/testing/dmem.sv:65$3_DATA[31:0]$14
     3/3: $1$memwr$\ram$/home/vboxuser/Desktop/openlane/testing/dmem.sv:65$3_ADDR[3:0]$13
Creating decoders for process `$paramod\normal\N=s32'00000000000000000000000000010000.$proc$/home/vboxuser/Desktop/openlane/testing/normal.sv:42$382'.
     1/6: $0\counter_1[7:0]
     2/6: $0\mem_1[7:0]
     3/6: $0\mem[15:0]
     4/6: $0\counter[15:0]
     5/6: $0\state[1:0]
     6/6: $0\wave[0:0]

49. Executing PROC_DLATCH pass (convert process syncs to latches).
No latch inferred for signal `\decoder_logic.\write_normal' from process `\decoder_logic.$proc$/home/vboxuser/Desktop/openlane/testing/decoder_logic.sv:0$311'.
No latch inferred for signal `\decoder_logic.\write_square' from process `\decoder_logic.$proc$/home/vboxuser/Desktop/openlane/testing/decoder_logic.sv:0$311'.
No latch inferred for signal `\register_file.$unnamed_block$2.i' from process `\register_file.$proc$/home/vboxuser/Desktop/openlane/testing/register_file.sv:0$228'.
No latch inferred for signal `\register_file.$memwr$\register$/home/vboxuser/Desktop/openlane/testing/register_file.sv:40$148_EN' from process `\register_file.$proc$/home/vboxuser/Desktop/openlane/testing/register_file.sv:0$228'.
No latch inferred for signal `\register_file.$memwr$\register$/home/vboxuser/Desktop/openlane/testing/register_file.sv:40$149_EN' from process `\register_file.$proc$/home/vboxuser/Desktop/openlane/testing/register_file.sv:0$228'.
No latch inferred for signal `\register_file.$memwr$\register$/home/vboxuser/Desktop/openlane/testing/register_file.sv:40$150_EN' from process `\register_file.$proc$/home/vboxuser/Desktop/openlane/testing/register_file.sv:0$228'.
No latch inferred for signal `\register_file.$memwr$\register$/home/vboxuser/Desktop/openlane/testing/register_file.sv:40$151_EN' from process `\register_file.$proc$/home/vboxuser/Desktop/openlane/testing/register_file.sv:0$228'.
No latch inferred for signal `\register_file.$memwr$\register$/home/vboxuser/Desktop/openlane/testing/register_file.sv:40$152_EN' from process `\register_file.$proc$/home/vboxuser/Desktop/openlane/testing/register_file.sv:0$228'.
No latch inferred for signal `\register_file.$memwr$\register$/home/vboxuser/Desktop/openlane/testing/register_file.sv:40$153_EN' from process `\register_file.$proc$/home/vboxuser/Desktop/openlane/testing/register_file.sv:0$228'.
No latch inferred for signal `\register_file.$memwr$\register$/home/vboxuser/Desktop/openlane/testing/register_file.sv:40$154_EN' from process `\register_file.$proc$/home/vboxuser/Desktop/openlane/testing/register_file.sv:0$228'.
No latch inferred for signal `\register_file.$memwr$\register$/home/vboxuser/Desktop/openlane/testing/register_file.sv:40$155_EN' from process `\register_file.$proc$/home/vboxuser/Desktop/openlane/testing/register_file.sv:0$228'.
No latch inferred for signal `\register_file.$memwr$\register$/home/vboxuser/Desktop/openlane/testing/register_file.sv:40$156_EN' from process `\register_file.$proc$/home/vboxuser/Desktop/openlane/testing/register_file.sv:0$228'.
No latch inferred for signal `\register_file.$memwr$\register$/home/vboxuser/Desktop/openlane/testing/register_file.sv:40$157_EN' from process `\register_file.$proc$/home/vboxuser/Desktop/openlane/testing/register_file.sv:0$228'.
No latch inferred for signal `\register_file.$memwr$\register$/home/vboxuser/Desktop/openlane/testing/register_file.sv:40$158_EN' from process `\register_file.$proc$/home/vboxuser/Desktop/openlane/testing/register_file.sv:0$228'.
No latch inferred for signal `\register_file.$memwr$\register$/home/vboxuser/Desktop/openlane/testing/register_file.sv:40$159_EN' from process `\register_file.$proc$/home/vboxuser/Desktop/openlane/testing/register_file.sv:0$228'.
No latch inferred for signal `\register_file.$memwr$\register$/home/vboxuser/Desktop/openlane/testing/register_file.sv:40$160_EN' from process `\register_file.$proc$/home/vboxuser/Desktop/openlane/testing/register_file.sv:0$228'.
No latch inferred for signal `\register_file.$memwr$\register$/home/vboxuser/Desktop/openlane/testing/register_file.sv:40$161_EN' from process `\register_file.$proc$/home/vboxuser/Desktop/openlane/testing/register_file.sv:0$228'.
No latch inferred for signal `\register_file.$memwr$\register$/home/vboxuser/Desktop/openlane/testing/register_file.sv:40$162_EN' from process `\register_file.$proc$/home/vboxuser/Desktop/openlane/testing/register_file.sv:0$228'.
No latch inferred for signal `\register_file.$memwr$\register$/home/vboxuser/Desktop/openlane/testing/register_file.sv:40$163_EN' from process `\register_file.$proc$/home/vboxuser/Desktop/openlane/testing/register_file.sv:0$228'.
No latch inferred for signal `\register_file.$memwr$\register$/home/vboxuser/Desktop/openlane/testing/register_file.sv:40$164_EN' from process `\register_file.$proc$/home/vboxuser/Desktop/openlane/testing/register_file.sv:0$228'.
No latch inferred for signal `\register_file.$memwr$\register$/home/vboxuser/Desktop/openlane/testing/register_file.sv:40$165_EN' from process `\register_file.$proc$/home/vboxuser/Desktop/openlane/testing/register_file.sv:0$228'.
No latch inferred for signal `\register_file.$memwr$\register$/home/vboxuser/Desktop/openlane/testing/register_file.sv:40$166_EN' from process `\register_file.$proc$/home/vboxuser/Desktop/openlane/testing/register_file.sv:0$228'.
No latch inferred for signal `\register_file.$memwr$\register$/home/vboxuser/Desktop/openlane/testing/register_file.sv:40$167_EN' from process `\register_file.$proc$/home/vboxuser/Desktop/openlane/testing/register_file.sv:0$228'.
No latch inferred for signal `\register_file.$memwr$\register$/home/vboxuser/Desktop/openlane/testing/register_file.sv:40$168_EN' from process `\register_file.$proc$/home/vboxuser/Desktop/openlane/testing/register_file.sv:0$228'.
No latch inferred for signal `\register_file.$memwr$\register$/home/vboxuser/Desktop/openlane/testing/register_file.sv:40$169_EN' from process `\register_file.$proc$/home/vboxuser/Desktop/openlane/testing/register_file.sv:0$228'.
No latch inferred for signal `\register_file.$memwr$\register$/home/vboxuser/Desktop/openlane/testing/register_file.sv:40$170_EN' from process `\register_file.$proc$/home/vboxuser/Desktop/openlane/testing/register_file.sv:0$228'.
No latch inferred for signal `\register_file.$memwr$\register$/home/vboxuser/Desktop/openlane/testing/register_file.sv:40$171_EN' from process `\register_file.$proc$/home/vboxuser/Desktop/openlane/testing/register_file.sv:0$228'.
No latch inferred for signal `\register_file.$memwr$\register$/home/vboxuser/Desktop/openlane/testing/register_file.sv:40$172_EN' from process `\register_file.$proc$/home/vboxuser/Desktop/openlane/testing/register_file.sv:0$228'.
No latch inferred for signal `\register_file.$memwr$\register$/home/vboxuser/Desktop/openlane/testing/register_file.sv:40$173_EN' from process `\register_file.$proc$/home/vboxuser/Desktop/openlane/testing/register_file.sv:0$228'.
No latch inferred for signal `\register_file.$memwr$\register$/home/vboxuser/Desktop/openlane/testing/register_file.sv:40$174_EN' from process `\register_file.$proc$/home/vboxuser/Desktop/openlane/testing/register_file.sv:0$228'.
No latch inferred for signal `\register_file.$memwr$\register$/home/vboxuser/Desktop/openlane/testing/register_file.sv:40$175_EN' from process `\register_file.$proc$/home/vboxuser/Desktop/openlane/testing/register_file.sv:0$228'.
No latch inferred for signal `\register_file.$memwr$\register$/home/vboxuser/Desktop/openlane/testing/register_file.sv:40$176_EN' from process `\register_file.$proc$/home/vboxuser/Desktop/openlane/testing/register_file.sv:0$228'.
No latch inferred for signal `\register_file.$memwr$\register$/home/vboxuser/Desktop/openlane/testing/register_file.sv:40$177_EN' from process `\register_file.$proc$/home/vboxuser/Desktop/openlane/testing/register_file.sv:0$228'.
No latch inferred for signal `\register_file.$memwr$\register$/home/vboxuser/Desktop/openlane/testing/register_file.sv:40$178_EN' from process `\register_file.$proc$/home/vboxuser/Desktop/openlane/testing/register_file.sv:0$228'.
No latch inferred for signal `\register_file.$memwr$\register$/home/vboxuser/Desktop/openlane/testing/register_file.sv:40$179_EN' from process `\register_file.$proc$/home/vboxuser/Desktop/openlane/testing/register_file.sv:0$228'.
No latch inferred for signal `\extender.\out' from process `\extender.$proc$/home/vboxuser/Desktop/openlane/testing/extender.sv:0$145'.
No latch inferred for signal `\mux_2.\y' from process `\mux_2.$proc$/home/vboxuser/Desktop/openlane/testing/mux_2.sv:0$144'.
No latch inferred for signal `\alu.\result' from process `\alu.$proc$/home/vboxuser/Desktop/openlane/testing/alu.sv:0$132'.
No latch inferred for signal `\mux_3.\y' from process `\mux_3.$proc$/home/vboxuser/Desktop/openlane/testing/mux_3.sv:0$131'.
No latch inferred for signal `\main_decoder.\controls' from process `\main_decoder.$proc$/home/vboxuser/Desktop/openlane/testing/main_decoder.sv:0$130'.
No latch inferred for signal `\alu_decoder.\alu_con' from process `\alu_decoder.$proc$/home/vboxuser/Desktop/openlane/testing/alu_decoder.sv:0$128'.
No latch inferred for signal `\master.\pready' from process `\master.$proc$/home/vboxuser/Desktop/openlane/testing/master.sv:0$104'.
No latch inferred for signal `\controller.\pc_src' from process `\controller.$proc$/home/vboxuser/Desktop/openlane/testing/controller.sv:0$94'.
No latch inferred for signal `\imem.$memwr$\ram$/home/vboxuser/Desktop/openlane/testing/imem.sv:31$22_EN' from process `\imem.$proc$/home/vboxuser/Desktop/openlane/testing/imem.sv:0$71'.
No latch inferred for signal `\imem.$memwr$\ram$/home/vboxuser/Desktop/openlane/testing/imem.sv:32$23_EN' from process `\imem.$proc$/home/vboxuser/Desktop/openlane/testing/imem.sv:0$71'.
No latch inferred for signal `\imem.$memwr$\ram$/home/vboxuser/Desktop/openlane/testing/imem.sv:33$24_EN' from process `\imem.$proc$/home/vboxuser/Desktop/openlane/testing/imem.sv:0$71'.
No latch inferred for signal `\imem.$memwr$\ram$/home/vboxuser/Desktop/openlane/testing/imem.sv:34$25_EN' from process `\imem.$proc$/home/vboxuser/Desktop/openlane/testing/imem.sv:0$71'.
No latch inferred for signal `\imem.$memwr$\ram$/home/vboxuser/Desktop/openlane/testing/imem.sv:35$26_EN' from process `\imem.$proc$/home/vboxuser/Desktop/openlane/testing/imem.sv:0$71'.
No latch inferred for signal `\imem.$memwr$\ram$/home/vboxuser/Desktop/openlane/testing/imem.sv:36$27_EN' from process `\imem.$proc$/home/vboxuser/Desktop/openlane/testing/imem.sv:0$71'.
No latch inferred for signal `\imem.$memwr$\ram$/home/vboxuser/Desktop/openlane/testing/imem.sv:37$28_EN' from process `\imem.$proc$/home/vboxuser/Desktop/openlane/testing/imem.sv:0$71'.
No latch inferred for signal `\imem.$memwr$\ram$/home/vboxuser/Desktop/openlane/testing/imem.sv:38$29_EN' from process `\imem.$proc$/home/vboxuser/Desktop/openlane/testing/imem.sv:0$71'.
No latch inferred for signal `\imem.$memwr$\ram$/home/vboxuser/Desktop/openlane/testing/imem.sv:39$30_EN' from process `\imem.$proc$/home/vboxuser/Desktop/openlane/testing/imem.sv:0$71'.
No latch inferred for signal `\imem.$memwr$\ram$/home/vboxuser/Desktop/openlane/testing/imem.sv:40$31_EN' from process `\imem.$proc$/home/vboxuser/Desktop/openlane/testing/imem.sv:0$71'.
No latch inferred for signal `\imem.$memwr$\ram$/home/vboxuser/Desktop/openlane/testing/imem.sv:41$32_EN' from process `\imem.$proc$/home/vboxuser/Desktop/openlane/testing/imem.sv:0$71'.
No latch inferred for signal `\imem.$memwr$\ram$/home/vboxuser/Desktop/openlane/testing/imem.sv:42$33_EN' from process `\imem.$proc$/home/vboxuser/Desktop/openlane/testing/imem.sv:0$71'.
No latch inferred for signal `\imem.$memwr$\ram$/home/vboxuser/Desktop/openlane/testing/imem.sv:43$34_EN' from process `\imem.$proc$/home/vboxuser/Desktop/openlane/testing/imem.sv:0$71'.
No latch inferred for signal `\imem.$memwr$\ram$/home/vboxuser/Desktop/openlane/testing/imem.sv:44$35_EN' from process `\imem.$proc$/home/vboxuser/Desktop/openlane/testing/imem.sv:0$71'.
No latch inferred for signal `\imem.$memwr$\ram$/home/vboxuser/Desktop/openlane/testing/imem.sv:45$36_EN' from process `\imem.$proc$/home/vboxuser/Desktop/openlane/testing/imem.sv:0$71'.
No latch inferred for signal `\imem.$memwr$\ram$/home/vboxuser/Desktop/openlane/testing/imem.sv:46$37_EN' from process `\imem.$proc$/home/vboxuser/Desktop/openlane/testing/imem.sv:0$71'.
No latch inferred for signal `\imem.$memwr$\ram$/home/vboxuser/Desktop/openlane/testing/imem.sv:47$38_EN' from process `\imem.$proc$/home/vboxuser/Desktop/openlane/testing/imem.sv:0$71'.
No latch inferred for signal `\imem.$memwr$\ram$/home/vboxuser/Desktop/openlane/testing/imem.sv:48$39_EN' from process `\imem.$proc$/home/vboxuser/Desktop/openlane/testing/imem.sv:0$71'.
No latch inferred for signal `\imem.$memwr$\ram$/home/vboxuser/Desktop/openlane/testing/imem.sv:49$40_EN' from process `\imem.$proc$/home/vboxuser/Desktop/openlane/testing/imem.sv:0$71'.
No latch inferred for signal `\imem.$memwr$\ram$/home/vboxuser/Desktop/openlane/testing/imem.sv:50$41_EN' from process `\imem.$proc$/home/vboxuser/Desktop/openlane/testing/imem.sv:0$71'.
No latch inferred for signal `\imem.$memwr$\ram$/home/vboxuser/Desktop/openlane/testing/imem.sv:51$42_EN' from process `\imem.$proc$/home/vboxuser/Desktop/openlane/testing/imem.sv:0$71'.
No latch inferred for signal `\imem.$memwr$\ram$/home/vboxuser/Desktop/openlane/testing/imem.sv:52$43_EN' from process `\imem.$proc$/home/vboxuser/Desktop/openlane/testing/imem.sv:0$71'.
No latch inferred for signal `\bridge.\dmem_write' from process `\bridge.$proc$/home/vboxuser/Desktop/openlane/testing/bridge.sv:0$19'.
No latch inferred for signal `\bridge.\data_in' from process `\bridge.$proc$/home/vboxuser/Desktop/openlane/testing/bridge.sv:0$19'.
No latch inferred for signal `\bridge.\apb_write' from process `\bridge.$proc$/home/vboxuser/Desktop/openlane/testing/bridge.sv:0$19'.

50. Executing PROC_DFF pass (convert process syncs to FFs).
Creating register for signal `$paramod\square\N=s32'00000000000000000000000000010000.\wave' using process `$paramod\square\N=s32'00000000000000000000000000010000.$proc$/home/vboxuser/Desktop/openlane/testing/square.sv:38$376'.
  created $dff cell `$procdff$1455' with positive edge clock.
Creating register for signal `$paramod\square\N=s32'00000000000000000000000000010000.\write_pending' using process `$paramod\square\N=s32'00000000000000000000000000010000.$proc$/home/vboxuser/Desktop/openlane/testing/square.sv:38$376'.
  created $dff cell `$procdff$1456' with positive edge clock.
Creating register for signal `$paramod\square\N=s32'00000000000000000000000000010000.\state' using process `$paramod\square\N=s32'00000000000000000000000000010000.$proc$/home/vboxuser/Desktop/openlane/testing/square.sv:38$376'.
  created $dff cell `$procdff$1457' with positive edge clock.
Creating register for signal `$paramod\square\N=s32'00000000000000000000000000010000.\counter' using process `$paramod\square\N=s32'00000000000000000000000000010000.$proc$/home/vboxuser/Desktop/openlane/testing/square.sv:38$376'.
  created $dff cell `$procdff$1458' with positive edge clock.
Creating register for signal `$paramod\square\N=s32'00000000000000000000000000010000.\mem' using process `$paramod\square\N=s32'00000000000000000000000000010000.$proc$/home/vboxuser/Desktop/openlane/testing/square.sv:38$376'.
  created $dff cell `$procdff$1459' with positive edge clock.
Creating register for signal `$paramod\square\N=s32'00000000000000000000000000010000.\running' using process `$paramod\square\N=s32'00000000000000000000000000010000.$proc$/home/vboxuser/Desktop/openlane/testing/square.sv:38$376'.
  created $dff cell `$procdff$1460' with positive edge clock.
Creating register for signal `\baud_rate.\rx_en' using process `\baud_rate.$proc$/home/vboxuser/Desktop/openlane/testing/baud_rate.sv:48$373'.
  created $dff cell `$procdff$1461' with positive edge clock.
Creating register for signal `\baud_rate.\receiver' using process `\baud_rate.$proc$/home/vboxuser/Desktop/openlane/testing/baud_rate.sv:48$373'.
  created $dff cell `$procdff$1462' with positive edge clock.
Creating register for signal `\baud_rate.\tx_en' using process `\baud_rate.$proc$/home/vboxuser/Desktop/openlane/testing/baud_rate.sv:33$370'.
  created $dff cell `$procdff$1463' with positive edge clock.
Creating register for signal `\baud_rate.\transmitter' using process `\baud_rate.$proc$/home/vboxuser/Desktop/openlane/testing/baud_rate.sv:33$370'.
  created $dff cell `$procdff$1464' with positive edge clock.
Creating register for signal `\serializer.\data_out' using process `\serializer.$proc$/home/vboxuser/Desktop/openlane/testing/serializer.sv:40$363'.
  created $dff cell `$procdff$1465' with positive edge clock.
Creating register for signal `\serializer.\master_busy' using process `\serializer.$proc$/home/vboxuser/Desktop/openlane/testing/serializer.sv:40$363'.
  created $dff cell `$procdff$1466' with positive edge clock.
Creating register for signal `\serializer.\master_write' using process `\serializer.$proc$/home/vboxuser/Desktop/openlane/testing/serializer.sv:40$363'.
  created $dff cell `$procdff$1467' with positive edge clock.
Creating register for signal `\serializer.\counter' using process `\serializer.$proc$/home/vboxuser/Desktop/openlane/testing/serializer.sv:40$363'.
  created $dff cell `$procdff$1468' with positive edge clock.
Creating register for signal `\serializer.\mem' using process `\serializer.$proc$/home/vboxuser/Desktop/openlane/testing/serializer.sv:40$363'.
  created $dff cell `$procdff$1469' with positive edge clock.
Creating register for signal `\serializer.\waiting_for_busy' using process `\serializer.$proc$/home/vboxuser/Desktop/openlane/testing/serializer.sv:40$363'.
  created $dff cell `$procdff$1470' with positive edge clock.
Creating register for signal `\uart_tx.\data' using process `\uart_tx.$proc$/home/vboxuser/Desktop/openlane/testing/uart_tx.sv:37$358'.
  created $dff cell `$procdff$1471' with positive edge clock.
Creating register for signal `\uart_tx.\state' using process `\uart_tx.$proc$/home/vboxuser/Desktop/openlane/testing/uart_tx.sv:37$358'.
  created $dff cell `$procdff$1472' with positive edge clock.
Creating register for signal `\uart_tx.\tx' using process `\uart_tx.$proc$/home/vboxuser/Desktop/openlane/testing/uart_tx.sv:37$358'.
  created $dff cell `$procdff$1473' with positive edge clock.
Creating register for signal `\uart_tx.\index' using process `\uart_tx.$proc$/home/vboxuser/Desktop/openlane/testing/uart_tx.sv:37$358'.
  created $dff cell `$procdff$1474' with positive edge clock.
Creating register for signal `\uart_rx.\data_out' using process `\uart_rx.$proc$/home/vboxuser/Desktop/openlane/testing/uart_rx.sv:39$326'.
  created $dff cell `$procdff$1475' with positive edge clock.
Creating register for signal `\uart_rx.\state' using process `\uart_rx.$proc$/home/vboxuser/Desktop/openlane/testing/uart_rx.sv:39$326'.
  created $dff cell `$procdff$1476' with positive edge clock.
Creating register for signal `\uart_rx.\rdy' using process `\uart_rx.$proc$/home/vboxuser/Desktop/openlane/testing/uart_rx.sv:39$326'.
  created $dff cell `$procdff$1477' with positive edge clock.
Creating register for signal `\uart_rx.\index' using process `\uart_rx.$proc$/home/vboxuser/Desktop/openlane/testing/uart_rx.sv:39$326'.
  created $dff cell `$procdff$1478' with positive edge clock.
Creating register for signal `\uart_rx.\temp' using process `\uart_rx.$proc$/home/vboxuser/Desktop/openlane/testing/uart_rx.sv:39$326'.
  created $dff cell `$procdff$1479' with positive edge clock.
Creating register for signal `\uart_rx.\sample' using process `\uart_rx.$proc$/home/vboxuser/Desktop/openlane/testing/uart_rx.sv:39$326'.
  created $dff cell `$procdff$1480' with positive edge clock.
Creating register for signal `\uart_rx.$bitselwrite$pos$/home/vboxuser/Desktop/openlane/testing/uart_rx.sv:72$324' using process `\uart_rx.$proc$/home/vboxuser/Desktop/openlane/testing/uart_rx.sv:39$326'.
  created $dff cell `$procdff$1481' with positive edge clock.
Creating register for signal `\uart_rx.$lookahead\temp$325' using process `\uart_rx.$proc$/home/vboxuser/Desktop/openlane/testing/uart_rx.sv:39$326'.
  created $dff cell `$procdff$1482' with positive edge clock.
Creating register for signal `\deserializer.\data_out' using process `\deserializer.$proc$/home/vboxuser/Desktop/openlane/testing/deserializer.sv:52$321'.
  created $dff cell `$procdff$1483' with positive edge clock.
Creating register for signal `\deserializer.\master_ready' using process `\deserializer.$proc$/home/vboxuser/Desktop/openlane/testing/deserializer.sv:52$321'.
  created $dff cell `$procdff$1484' with positive edge clock.
Creating register for signal `\deserializer.\rdy_clear' using process `\deserializer.$proc$/home/vboxuser/Desktop/openlane/testing/deserializer.sv:52$321'.
  created $dff cell `$procdff$1485' with positive edge clock.
Creating register for signal `\deserializer.\counter' using process `\deserializer.$proc$/home/vboxuser/Desktop/openlane/testing/deserializer.sv:52$321'.
  created $dff cell `$procdff$1486' with positive edge clock.
Creating register for signal `\deserializer.\mem' using process `\deserializer.$proc$/home/vboxuser/Desktop/openlane/testing/deserializer.sv:52$321'.
  created $dff cell `$procdff$1487' with positive edge clock.
Creating register for signal `\deserializer.\ready_d' using process `\deserializer.$proc$/home/vboxuser/Desktop/openlane/testing/deserializer.sv:41$318'.
  created $dff cell `$procdff$1488' with positive edge clock.
Creating register for signal `\control_logic.\bit_16' using process `\control_logic.$proc$/home/vboxuser/Desktop/openlane/testing/control_logic.sv:45$313'.
  created $dff cell `$procdff$1489' with positive edge clock.
Creating register for signal `\control_logic.\counter_value' using process `\control_logic.$proc$/home/vboxuser/Desktop/openlane/testing/control_logic.sv:45$313'.
  created $dff cell `$procdff$1490' with positive edge clock.
Creating register for signal `\control_logic.\control_word' using process `\control_logic.$proc$/home/vboxuser/Desktop/openlane/testing/control_logic.sv:45$313'.
  created $dff cell `$procdff$1491' with positive edge clock.
Creating register for signal `\pwm.\counter' using process `\pwm.$proc$/home/vboxuser/Desktop/openlane/testing/pwm.sv:55$303'.
  created $dff cell `$procdff$1492' with positive edge clock.
Creating register for signal `\pwm.\pwm_data' using process `\pwm.$proc$/home/vboxuser/Desktop/openlane/testing/pwm.sv:36$301'.
  created $dff cell `$procdff$1493' with positive edge clock.
Creating register for signal `\apb_master.\r_en' using process `\apb_master.$proc$/home/vboxuser/Desktop/openlane/testing/apb_master.sv:45$289'.
  created $dff cell `$procdff$1494' with positive edge clock.
Creating register for signal `\apb_master.\psel' using process `\apb_master.$proc$/home/vboxuser/Desktop/openlane/testing/apb_master.sv:45$289'.
  created $dff cell `$procdff$1495' with positive edge clock.
Creating register for signal `\apb_master.\trans' using process `\apb_master.$proc$/home/vboxuser/Desktop/openlane/testing/apb_master.sv:45$289'.
  created $dff cell `$procdff$1496' with positive edge clock.
Creating register for signal `\apb_master.\pwrite' using process `\apb_master.$proc$/home/vboxuser/Desktop/openlane/testing/apb_master.sv:45$289'.
  created $dff cell `$procdff$1497' with positive edge clock.
Creating register for signal `\apb_master.\pwdata' using process `\apb_master.$proc$/home/vboxuser/Desktop/openlane/testing/apb_master.sv:45$289'.
  created $dff cell `$procdff$1498' with positive edge clock.
Creating register for signal `\apb_master.\penable' using process `\apb_master.$proc$/home/vboxuser/Desktop/openlane/testing/apb_master.sv:45$289'.
  created $dff cell `$procdff$1499' with positive edge clock.
Creating register for signal `\apb_master.\state' using process `\apb_master.$proc$/home/vboxuser/Desktop/openlane/testing/apb_master.sv:45$289'.
  created $dff cell `$procdff$1500' with positive edge clock.
Creating register for signal `\apb_slave_uart.\pr_data' using process `\apb_slave_uart.$proc$/home/vboxuser/Desktop/openlane/testing/apb_slave_uart.sv:47$280'.
  created $dff cell `$procdff$1501' with positive edge clock.
Creating register for signal `\apb_slave_uart.\p_data' using process `\apb_slave_uart.$proc$/home/vboxuser/Desktop/openlane/testing/apb_slave_uart.sv:47$280'.
  created $dff cell `$procdff$1502' with positive edge clock.
Creating register for signal `\apb_slave_uart.\pwrite_en' using process `\apb_slave_uart.$proc$/home/vboxuser/Desktop/openlane/testing/apb_slave_uart.sv:47$280'.
  created $dff cell `$procdff$1503' with positive edge clock.
Creating register for signal `\apb_slave_uart.\write_pending' using process `\apb_slave_uart.$proc$/home/vboxuser/Desktop/openlane/testing/apb_slave_uart.sv:47$280'.
  created $dff cell `$procdff$1504' with positive edge clock.
Creating register for signal `\apb_slave_pwm.\p_data' using process `\apb_slave_pwm.$proc$/home/vboxuser/Desktop/openlane/testing/apb_slave_pwm.sv:40$272'.
  created $dff cell `$procdff$1505' with positive edge clock.
Creating register for signal `\apb_slave_pwm.\pwrite_en' using process `\apb_slave_pwm.$proc$/home/vboxuser/Desktop/openlane/testing/apb_slave_pwm.sv:40$272'.
  created $dff cell `$procdff$1506' with positive edge clock.
Creating register for signal `\apb_slave_pwm.\write_pending' using process `\apb_slave_pwm.$proc$/home/vboxuser/Desktop/openlane/testing/apb_slave_pwm.sv:40$272'.
  created $dff cell `$procdff$1507' with positive edge clock.
Creating register for signal `\apb_slave_timer.\p_data' using process `\apb_slave_timer.$proc$/home/vboxuser/Desktop/openlane/testing/apb_slave_timer.sv:41$264'.
  created $dff cell `$procdff$1508' with positive edge clock.
Creating register for signal `\apb_slave_timer.\pwrite_en' using process `\apb_slave_timer.$proc$/home/vboxuser/Desktop/openlane/testing/apb_slave_timer.sv:41$264'.
  created $dff cell `$procdff$1509' with positive edge clock.
Creating register for signal `\apb_slave_timer.\write_pending' using process `\apb_slave_timer.$proc$/home/vboxuser/Desktop/openlane/testing/apb_slave_timer.sv:41$264'.
  created $dff cell `$procdff$1510' with positive edge clock.
Creating register for signal `\d_ff.\out' using process `\d_ff.$proc$/home/vboxuser/Desktop/openlane/testing/d_ff.sv:29$263'.
  created $dff cell `$procdff$1511' with positive edge clock.
Creating register for signal `\register_file.$memwr$\register$/home/vboxuser/Desktop/openlane/testing/register_file.sv:53$180_ADDR' using process `\register_file.$proc$/home/vboxuser/Desktop/openlane/testing/register_file.sv:49$187'.
  created $dff cell `$procdff$1512' with positive edge clock.
Creating register for signal `\register_file.$memwr$\register$/home/vboxuser/Desktop/openlane/testing/register_file.sv:53$180_DATA' using process `\register_file.$proc$/home/vboxuser/Desktop/openlane/testing/register_file.sv:49$187'.
  created $dff cell `$procdff$1513' with positive edge clock.
Creating register for signal `\register_file.$memwr$\register$/home/vboxuser/Desktop/openlane/testing/register_file.sv:53$180_EN' using process `\register_file.$proc$/home/vboxuser/Desktop/openlane/testing/register_file.sv:49$187'.
  created $dff cell `$procdff$1514' with positive edge clock.
Creating register for signal `$paramod$cb38a9cb809a1fe731ee8c292c54ee352df58f56\fifo.\r_ptr' using process `$paramod$cb38a9cb809a1fe731ee8c292c54ee352df58f56\fifo.$proc$/home/vboxuser/Desktop/openlane/testing/fifo.sv:51$119'.
  created $dff cell `$procdff$1515' with positive edge clock.
Creating register for signal `$paramod$cb38a9cb809a1fe731ee8c292c54ee352df58f56\fifo.\w_ptr' using process `$paramod$cb38a9cb809a1fe731ee8c292c54ee352df58f56\fifo.$proc$/home/vboxuser/Desktop/openlane/testing/fifo.sv:39$106'.
  created $dff cell `$procdff$1516' with positive edge clock.
Creating register for signal `$paramod$cb38a9cb809a1fe731ee8c292c54ee352df58f56\fifo.$memwr$\array$/home/vboxuser/Desktop/openlane/testing/fifo.sv:47$105_ADDR' using process `$paramod$cb38a9cb809a1fe731ee8c292c54ee352df58f56\fifo.$proc$/home/vboxuser/Desktop/openlane/testing/fifo.sv:39$106'.
  created $dff cell `$procdff$1517' with positive edge clock.
Creating register for signal `$paramod$cb38a9cb809a1fe731ee8c292c54ee352df58f56\fifo.$memwr$\array$/home/vboxuser/Desktop/openlane/testing/fifo.sv:47$105_DATA' using process `$paramod$cb38a9cb809a1fe731ee8c292c54ee352df58f56\fifo.$proc$/home/vboxuser/Desktop/openlane/testing/fifo.sv:39$106'.
  created $dff cell `$procdff$1518' with positive edge clock.
Creating register for signal `$paramod$cb38a9cb809a1fe731ee8c292c54ee352df58f56\fifo.$memwr$\array$/home/vboxuser/Desktop/openlane/testing/fifo.sv:47$105_EN' using process `$paramod$cb38a9cb809a1fe731ee8c292c54ee352df58f56\fifo.$proc$/home/vboxuser/Desktop/openlane/testing/fifo.sv:39$106'.
  created $dff cell `$procdff$1519' with positive edge clock.
Creating register for signal `\dmem.$memwr$\ram$/home/vboxuser/Desktop/openlane/testing/dmem.sv:65$3_ADDR' using process `\dmem.$proc$/home/vboxuser/Desktop/openlane/testing/dmem.sv:62$9'.
  created $dff cell `$procdff$1520' with positive edge clock.
Creating register for signal `\dmem.$memwr$\ram$/home/vboxuser/Desktop/openlane/testing/dmem.sv:65$3_DATA' using process `\dmem.$proc$/home/vboxuser/Desktop/openlane/testing/dmem.sv:62$9'.
  created $dff cell `$procdff$1521' with positive edge clock.
Creating register for signal `\dmem.$memwr$\ram$/home/vboxuser/Desktop/openlane/testing/dmem.sv:65$3_EN' using process `\dmem.$proc$/home/vboxuser/Desktop/openlane/testing/dmem.sv:62$9'.
  created $dff cell `$procdff$1522' with positive edge clock.
Creating register for signal `$paramod\normal\N=s32'00000000000000000000000000010000.\wave' using process `$paramod\normal\N=s32'00000000000000000000000000010000.$proc$/home/vboxuser/Desktop/openlane/testing/normal.sv:42$382'.
  created $dff cell `$procdff$1523' with positive edge clock.
Creating register for signal `$paramod\normal\N=s32'00000000000000000000000000010000.\state' using process `$paramod\normal\N=s32'00000000000000000000000000010000.$proc$/home/vboxuser/Desktop/openlane/testing/normal.sv:42$382'.
  created $dff cell `$procdff$1524' with positive edge clock.
Creating register for signal `$paramod\normal\N=s32'00000000000000000000000000010000.\counter' using process `$paramod\normal\N=s32'00000000000000000000000000010000.$proc$/home/vboxuser/Desktop/openlane/testing/normal.sv:42$382'.
  created $dff cell `$procdff$1525' with positive edge clock.
Creating register for signal `$paramod\normal\N=s32'00000000000000000000000000010000.\mem' using process `$paramod\normal\N=s32'00000000000000000000000000010000.$proc$/home/vboxuser/Desktop/openlane/testing/normal.sv:42$382'.
  created $dff cell `$procdff$1526' with positive edge clock.
Creating register for signal `$paramod\normal\N=s32'00000000000000000000000000010000.\mem_1' using process `$paramod\normal\N=s32'00000000000000000000000000010000.$proc$/home/vboxuser/Desktop/openlane/testing/normal.sv:42$382'.
  created $dff cell `$procdff$1527' with positive edge clock.
Creating register for signal `$paramod\normal\N=s32'00000000000000000000000000010000.\counter_1' using process `$paramod\normal\N=s32'00000000000000000000000000010000.$proc$/home/vboxuser/Desktop/openlane/testing/normal.sv:42$382'.
  created $dff cell `$procdff$1528' with positive edge clock.

51. Executing PROC_MEMWR pass (convert process memory writes to cells).

52. Executing PROC_CLEAN pass (remove empty switches from decision trees).
Found and cleaned up 7 empty switches in `$paramod\square\N=s32'00000000000000000000000000010000.$proc$/home/vboxuser/Desktop/openlane/testing/square.sv:38$376'.
Removing empty process `$paramod\square\N=s32'00000000000000000000000000010000.$proc$/home/vboxuser/Desktop/openlane/testing/square.sv:38$376'.
Found and cleaned up 2 empty switches in `\baud_rate.$proc$/home/vboxuser/Desktop/openlane/testing/baud_rate.sv:48$373'.
Removing empty process `baud_rate.$proc$/home/vboxuser/Desktop/openlane/testing/baud_rate.sv:48$373'.
Found and cleaned up 2 empty switches in `\baud_rate.$proc$/home/vboxuser/Desktop/openlane/testing/baud_rate.sv:33$370'.
Removing empty process `baud_rate.$proc$/home/vboxuser/Desktop/openlane/testing/baud_rate.sv:33$370'.
Found and cleaned up 7 empty switches in `\serializer.$proc$/home/vboxuser/Desktop/openlane/testing/serializer.sv:40$363'.
Removing empty process `serializer.$proc$/home/vboxuser/Desktop/openlane/testing/serializer.sv:40$363'.
Found and cleaned up 7 empty switches in `\uart_tx.$proc$/home/vboxuser/Desktop/openlane/testing/uart_tx.sv:37$358'.
Removing empty process `uart_tx.$proc$/home/vboxuser/Desktop/openlane/testing/uart_tx.sv:37$358'.
Found and cleaned up 10 empty switches in `\uart_rx.$proc$/home/vboxuser/Desktop/openlane/testing/uart_rx.sv:39$326'.
Removing empty process `uart_rx.$proc$/home/vboxuser/Desktop/openlane/testing/uart_rx.sv:39$326'.
Found and cleaned up 4 empty switches in `\deserializer.$proc$/home/vboxuser/Desktop/openlane/testing/deserializer.sv:52$321'.
Removing empty process `deserializer.$proc$/home/vboxuser/Desktop/openlane/testing/deserializer.sv:52$321'.
Found and cleaned up 1 empty switch in `\deserializer.$proc$/home/vboxuser/Desktop/openlane/testing/deserializer.sv:41$318'.
Removing empty process `deserializer.$proc$/home/vboxuser/Desktop/openlane/testing/deserializer.sv:41$318'.
Found and cleaned up 6 empty switches in `\control_logic.$proc$/home/vboxuser/Desktop/openlane/testing/control_logic.sv:45$313'.
Removing empty process `control_logic.$proc$/home/vboxuser/Desktop/openlane/testing/control_logic.sv:45$313'.
Found and cleaned up 1 empty switch in `\decoder_logic.$proc$/home/vboxuser/Desktop/openlane/testing/decoder_logic.sv:0$311'.
Removing empty process `decoder_logic.$proc$/home/vboxuser/Desktop/openlane/testing/decoder_logic.sv:0$311'.
Found and cleaned up 3 empty switches in `\pwm.$proc$/home/vboxuser/Desktop/openlane/testing/pwm.sv:55$303'.
Removing empty process `pwm.$proc$/home/vboxuser/Desktop/openlane/testing/pwm.sv:55$303'.
Found and cleaned up 2 empty switches in `\pwm.$proc$/home/vboxuser/Desktop/openlane/testing/pwm.sv:36$301'.
Removing empty process `pwm.$proc$/home/vboxuser/Desktop/openlane/testing/pwm.sv:36$301'.
Found and cleaned up 7 empty switches in `\apb_master.$proc$/home/vboxuser/Desktop/openlane/testing/apb_master.sv:45$289'.
Removing empty process `apb_master.$proc$/home/vboxuser/Desktop/openlane/testing/apb_master.sv:45$289'.
Found and cleaned up 4 empty switches in `\apb_slave_uart.$proc$/home/vboxuser/Desktop/openlane/testing/apb_slave_uart.sv:47$280'.
Removing empty process `apb_slave_uart.$proc$/home/vboxuser/Desktop/openlane/testing/apb_slave_uart.sv:47$280'.
Found and cleaned up 3 empty switches in `\apb_slave_pwm.$proc$/home/vboxuser/Desktop/openlane/testing/apb_slave_pwm.sv:40$272'.
Removing empty process `apb_slave_pwm.$proc$/home/vboxuser/Desktop/openlane/testing/apb_slave_pwm.sv:40$272'.
Found and cleaned up 3 empty switches in `\apb_slave_timer.$proc$/home/vboxuser/Desktop/openlane/testing/apb_slave_timer.sv:41$264'.
Removing empty process `apb_slave_timer.$proc$/home/vboxuser/Desktop/openlane/testing/apb_slave_timer.sv:41$264'.
Found and cleaned up 1 empty switch in `\d_ff.$proc$/home/vboxuser/Desktop/openlane/testing/d_ff.sv:29$263'.
Removing empty process `d_ff.$proc$/home/vboxuser/Desktop/openlane/testing/d_ff.sv:29$263'.
Removing empty process `register_file.$proc$/home/vboxuser/Desktop/openlane/testing/register_file.sv:0$228'.
Found and cleaned up 1 empty switch in `\register_file.$proc$/home/vboxuser/Desktop/openlane/testing/register_file.sv:49$187'.
Removing empty process `register_file.$proc$/home/vboxuser/Desktop/openlane/testing/register_file.sv:49$187'.
Found and cleaned up 1 empty switch in `\extender.$proc$/home/vboxuser/Desktop/openlane/testing/extender.sv:0$145'.
Removing empty process `extender.$proc$/home/vboxuser/Desktop/openlane/testing/extender.sv:0$145'.
Found and cleaned up 1 empty switch in `\mux_2.$proc$/home/vboxuser/Desktop/openlane/testing/mux_2.sv:0$144'.
Removing empty process `mux_2.$proc$/home/vboxuser/Desktop/openlane/testing/mux_2.sv:0$144'.
Found and cleaned up 3 empty switches in `\alu.$proc$/home/vboxuser/Desktop/openlane/testing/alu.sv:0$132'.
Removing empty process `alu.$proc$/home/vboxuser/Desktop/openlane/testing/alu.sv:0$132'.
Found and cleaned up 1 empty switch in `\mux_3.$proc$/home/vboxuser/Desktop/openlane/testing/mux_3.sv:0$131'.
Removing empty process `mux_3.$proc$/home/vboxuser/Desktop/openlane/testing/mux_3.sv:0$131'.
Found and cleaned up 1 empty switch in `\main_decoder.$proc$/home/vboxuser/Desktop/openlane/testing/main_decoder.sv:0$130'.
Removing empty process `main_decoder.$proc$/home/vboxuser/Desktop/openlane/testing/main_decoder.sv:0$130'.
Found and cleaned up 4 empty switches in `\alu_decoder.$proc$/home/vboxuser/Desktop/openlane/testing/alu_decoder.sv:0$128'.
Removing empty process `alu_decoder.$proc$/home/vboxuser/Desktop/openlane/testing/alu_decoder.sv:0$128'.
Found and cleaned up 2 empty switches in `$paramod$cb38a9cb809a1fe731ee8c292c54ee352df58f56\fifo.$proc$/home/vboxuser/Desktop/openlane/testing/fifo.sv:51$119'.
Removing empty process `$paramod$cb38a9cb809a1fe731ee8c292c54ee352df58f56\fifo.$proc$/home/vboxuser/Desktop/openlane/testing/fifo.sv:51$119'.
Found and cleaned up 2 empty switches in `$paramod$cb38a9cb809a1fe731ee8c292c54ee352df58f56\fifo.$proc$/home/vboxuser/Desktop/openlane/testing/fifo.sv:39$106'.
Removing empty process `$paramod$cb38a9cb809a1fe731ee8c292c54ee352df58f56\fifo.$proc$/home/vboxuser/Desktop/openlane/testing/fifo.sv:39$106'.
Found and cleaned up 1 empty switch in `\master.$proc$/home/vboxuser/Desktop/openlane/testing/master.sv:0$104'.
Removing empty process `master.$proc$/home/vboxuser/Desktop/openlane/testing/master.sv:0$104'.
Found and cleaned up 2 empty switches in `\controller.$proc$/home/vboxuser/Desktop/openlane/testing/controller.sv:0$94'.
Removing empty process `controller.$proc$/home/vboxuser/Desktop/openlane/testing/controller.sv:0$94'.
Removing empty process `imem.$proc$/home/vboxuser/Desktop/openlane/testing/imem.sv:0$71'.
Found and cleaned up 2 empty switches in `\bridge.$proc$/home/vboxuser/Desktop/openlane/testing/bridge.sv:0$19'.
Removing empty process `bridge.$proc$/home/vboxuser/Desktop/openlane/testing/bridge.sv:0$19'.
Found and cleaned up 1 empty switch in `\dmem.$proc$/home/vboxuser/Desktop/openlane/testing/dmem.sv:62$9'.
Removing empty process `dmem.$proc$/home/vboxuser/Desktop/openlane/testing/dmem.sv:62$9'.
Found and cleaned up 7 empty switches in `$paramod\normal\N=s32'00000000000000000000000000010000.$proc$/home/vboxuser/Desktop/openlane/testing/normal.sv:42$382'.
Removing empty process `$paramod\normal\N=s32'00000000000000000000000000010000.$proc$/home/vboxuser/Desktop/openlane/testing/normal.sv:42$382'.
Cleaned up 99 empty switches.

53. Executing CHECK pass (checking for obvious problems).
Checking module top...
Checking module $paramod\square\N=s32'00000000000000000000000000010000...
Checking module baud_rate...
Checking module serializer...
Checking module uart_tx...
Checking module uart_rx...
Checking module deserializer...
Checking module control_logic...
Checking module decoder_logic...
Checking module timer...
Checking module pwm...
Checking module uart_soc...
Checking module apb_master...
Checking module apb_slave_uart...
Checking module apb_slave_pwm...
Checking module apb_slave_timer...
Checking module d_ff...
Checking module adder...
Checking module register_file...
Checking module extender...
Checking module mux_2...
Checking module alu...
Checking module mux_3...
Checking module main_decoder...
Checking module alu_decoder...
Checking module $paramod$cb38a9cb809a1fe731ee8c292c54ee352df58f56\fifo...
Checking module master...
Checking module fifo_master...
Checking module controller...
Checking module datapath...
Checking module core...
Checking module imem...
Checking module bridge...
Checking module dmem...
Checking module $paramod\normal\N=s32'00000000000000000000000000010000...
Found and reported 0 problems.

54. Executing OPT_EXPR pass (perform const folding).
Optimizing module top.
Optimizing module $paramod\square\N=s32'00000000000000000000000000010000.
<suppressed ~8 debug messages>
Optimizing module baud_rate.
Optimizing module serializer.
<suppressed ~1 debug messages>
Optimizing module uart_tx.
<suppressed ~5 debug messages>
Optimizing module uart_rx.
<suppressed ~13 debug messages>
Optimizing module deserializer.
<suppressed ~1 debug messages>
Optimizing module control_logic.
<suppressed ~3 debug messages>
Optimizing module decoder_logic.
Optimizing module timer.
Optimizing module pwm.
<suppressed ~2 debug messages>
Optimizing module uart_soc.
Optimizing module apb_master.
<suppressed ~20 debug messages>
Optimizing module apb_slave_uart.
<suppressed ~4 debug messages>
Optimizing module apb_slave_pwm.
<suppressed ~3 debug messages>
Optimizing module apb_slave_timer.
<suppressed ~3 debug messages>
Optimizing module d_ff.
Optimizing module adder.
Optimizing module register_file.
<suppressed ~3 debug messages>
Optimizing module extender.
<suppressed ~1 debug messages>
Optimizing module mux_2.
<suppressed ~1 debug messages>
Optimizing module alu.
<suppressed ~2 debug messages>
Optimizing module mux_3.
<suppressed ~1 debug messages>
Optimizing module main_decoder.
Optimizing module alu_decoder.
<suppressed ~3 debug messages>
Optimizing module $paramod$cb38a9cb809a1fe731ee8c292c54ee352df58f56\fifo.
Optimizing module master.
Optimizing module fifo_master.
Optimizing module controller.
Optimizing module datapath.
Optimizing module core.
Optimizing module imem.
Optimizing module bridge.
Optimizing module dmem.
Optimizing module $paramod\normal\N=s32'00000000000000000000000000010000.
<suppressed ~6 debug messages>

55. Executing FLATTEN pass (flatten design).
Deleting now unused module $paramod\square\N=s32'00000000000000000000000000010000.
Deleting now unused module baud_rate.
Deleting now unused module serializer.
Deleting now unused module uart_tx.
Deleting now unused module uart_rx.
Deleting now unused module deserializer.
Deleting now unused module control_logic.
Deleting now unused module decoder_logic.
Deleting now unused module timer.
Deleting now unused module pwm.
Deleting now unused module uart_soc.
Deleting now unused module apb_master.
Deleting now unused module apb_slave_uart.
Deleting now unused module apb_slave_pwm.
Deleting now unused module apb_slave_timer.
Deleting now unused module d_ff.
Deleting now unused module adder.
Deleting now unused module register_file.
Deleting now unused module extender.
Deleting now unused module mux_2.
Deleting now unused module alu.
Deleting now unused module mux_3.
Deleting now unused module main_decoder.
Deleting now unused module alu_decoder.
Deleting now unused module $paramod$cb38a9cb809a1fe731ee8c292c54ee352df58f56\fifo.
Deleting now unused module master.
Deleting now unused module fifo_master.
Deleting now unused module controller.
Deleting now unused module datapath.
Deleting now unused module core.
Deleting now unused module imem.
Deleting now unused module bridge.
Deleting now unused module dmem.
Deleting now unused module $paramod\normal\N=s32'00000000000000000000000000010000.
<suppressed ~37 debug messages>

56. Executing OPT_EXPR pass (perform const folding).
Optimizing module top.
<suppressed ~27 debug messages>

57. Executing OPT_CLEAN pass (remove unused cells and wires).
Finding unused cells or wires in module \top..
Removed 43 unused cells and 620 unused wires.
<suppressed ~48 debug messages>

58. Executing OPT_EXPR pass (perform const folding).
Optimizing module top.

59. Executing OPT_MERGE pass (detect identical cells).
Finding identical cells in module `\top'.
<suppressed ~207 debug messages>
Removed a total of 69 cells.

60. Executing OPT_MUXTREE pass (detect dead branches in mux trees).
Running muxtree optimizer on module \top..
  Creating internal representation of mux trees.
  Evaluating internal representation of mux trees.
      Replacing known input bits on port A of cell $flatten\bridge1.\fifo_master1.\master1.\apb_slave_timer1.$procmux$1173: \bridge1.fifo_master1.master1.apb_slave_timer1.write_pending -> 1'0
      Replacing known input bits on port A of cell $flatten\bridge1.\fifo_master1.\master1.\apb_slave_uart1.$procmux$1134: \bridge1.fifo_master1.master1.apb_slave_uart1.write_pending -> 1'0
      Replacing known input bits on port A of cell $flatten\bridge1.\fifo_master1.\master1.\apb_slave_uart1.\uart_soc1.\serializer1.$procmux$534: \bridge1.fifo_master1.master1.apb_slave_uart1.uart_soc1.serializer1.master_busy -> 1'0
      Replacing known input bits on port B of cell $flatten\bridge1.\fifo_master1.\master1.\apb_slave_uart1.\uart_soc1.\serializer1.$procmux$532: \bridge1.fifo_master1.master1.apb_slave_uart1.uart_soc1.serializer1.master_busy -> 1'1
      Replacing known input bits on port A of cell $flatten\bridge1.\fifo_master1.\master1.\apb_slave_uart1.\uart_soc1.\serializer1.$procmux$529: \bridge1.fifo_master1.master1.apb_slave_uart1.uart_soc1.serializer1.master_busy -> 1'1
      Replacing known input bits on port A of cell $flatten\bridge1.\fifo_master1.\master1.\apb_slave_uart1.\uart_soc1.\serializer1.$procmux$527: \bridge1.fifo_master1.master1.apb_slave_uart1.uart_soc1.serializer1.master_busy -> 1'1
      Replacing known input bits on port A of cell $flatten\bridge1.\fifo_master1.\master1.\apb_slave_pwm1.$procmux$1156: \bridge1.fifo_master1.master1.apb_slave_pwm1.write_pending -> 1'0
  Analyzing evaluation results.
    dead port 2/2 on $mux $flatten\bridge1.$procmux$1355.
    dead port 2/2 on $mux $flatten\bridge1.$procmux$1361.
    dead port 2/2 on $mux $flatten\bridge1.$procmux$1367.
    dead port 2/2 on $mux $flatten\bridge1.\fifo_master1.\master1.\apb_slave_uart1.\uart_soc1.\uart_rx1.$procmux$621.
    dead port 2/2 on $mux $flatten\bridge1.\fifo_master1.\master1.\apb_slave_uart1.\uart_soc1.\uart_rx1.$procmux$623.
    dead port 1/2 on $mux $flatten\bridge1.\fifo_master1.\master1.\apb_slave_uart1.\uart_soc1.\uart_rx1.$procmux$626.
    dead port 1/2 on $mux $flatten\bridge1.\fifo_master1.\master1.\apb_slave_uart1.\uart_soc1.\uart_rx1.$procmux$629.
    dead port 1/2 on $mux $flatten\bridge1.\fifo_master1.\master1.\apb_slave_uart1.\uart_soc1.\uart_rx1.$procmux$655.
    dead port 2/2 on $mux $flatten\bridge1.\fifo_master1.\master1.\apb_slave_uart1.\uart_soc1.\uart_rx1.$procmux$657.
    dead port 2/2 on $mux $flatten\bridge1.\fifo_master1.\master1.\apb_slave_uart1.\uart_soc1.\uart_rx1.$procmux$659.
    dead port 1/2 on $mux $flatten\bridge1.\fifo_master1.\master1.\apb_slave_uart1.\uart_soc1.\uart_rx1.$procmux$662.
    dead port 1/2 on $mux $flatten\bridge1.\fifo_master1.\master1.\apb_slave_uart1.\uart_soc1.\uart_rx1.$procmux$665.
    dead port 2/2 on $mux $flatten\bridge1.\fifo_master1.\master1.\apb_slave_uart1.\uart_soc1.\uart_rx1.$procmux$674.
    dead port 2/2 on $mux $flatten\bridge1.\fifo_master1.\master1.\apb_slave_uart1.\uart_soc1.\uart_rx1.$procmux$676.
    dead port 1/2 on $mux $flatten\bridge1.\fifo_master1.\master1.\apb_slave_uart1.\uart_soc1.\uart_rx1.$procmux$679.
    dead port 1/2 on $mux $flatten\bridge1.\fifo_master1.\master1.\apb_slave_uart1.\uart_soc1.\uart_rx1.$procmux$682.
    dead port 1/2 on $mux $flatten\bridge1.\fifo_master1.\fifo1.$procmux$1308.
    dead port 2/2 on $mux $flatten\bridge1.\fifo_master1.\master1.\apb_slave_uart1.\uart_soc1.\uart_rx1.$procmux$690.
    dead port 1/2 on $mux $flatten\bridge1.\fifo_master1.\master1.\apb_slave_uart1.\uart_soc1.\uart_rx1.$procmux$693.
    dead port 1/2 on $mux $flatten\bridge1.\fifo_master1.\master1.\apb_slave_uart1.\uart_soc1.\uart_rx1.$procmux$696.
    dead port 1/2 on $mux $flatten\bridge1.\fifo_master1.\master1.\apb_slave_uart1.\uart_soc1.\uart_rx1.$procmux$715.
    dead port 1/2 on $mux $flatten\bridge1.\fifo_master1.\master1.\apb_slave_uart1.\uart_soc1.\uart_rx1.$procmux$718.
    dead port 1/2 on $mux $flatten\bridge1.\fifo_master1.\master1.\apb_slave_uart1.\uart_soc1.\uart_rx1.$procmux$733.
    dead port 1/2 on $mux $flatten\bridge1.\fifo_master1.\fifo1.$procmux$1314.
    dead port 1/2 on $mux $flatten\bridge1.\fifo_master1.\fifo1.$procmux$1320.
    dead port 1/2 on $mux $flatten\core1.\con1.$procmux$1346.
    dead port 2/2 on $mux $flatten\core1.\con1.\a1.$procmux$1263.
    dead port 2/2 on $mux $flatten\core1.\con1.\a1.$procmux$1265.
    dead port 2/2 on $mux $flatten\core1.\con1.\a1.$procmux$1278.
    dead port 2/2 on $mux $flatten\core1.\con1.\a1.$procmux$1280.
    dead port 2/2 on $mux $flatten\core1.\con1.\a1.$procmux$1292.
    dead port 2/2 on $mux $flatten\core1.\data.\alu1.$procmux$1216.
    dead port 2/2 on $mux $flatten\core1.\data.\alu1.$procmux$1228.
Removed 33 multiplexer ports.
<suppressed ~89 debug messages>

61. Executing OPT_REDUCE pass (consolidate $*mux and $reduce_* inputs).
  Optimizing cells in module \top.
    New ctrl vector for $pmux cell $flatten\bridge1.\fifo_master1.\master1.\apb_slave_timer1.\timer_peri.\control_logic1.$procmux$967: $auto$opt_reduce.cc:134:opt_pmux$1570
    Consolidated identical input bits for $mux cell $flatten\bridge1.\fifo_master1.\fifo1.$procmux$1305:
      Old ports: A=64'0000000000000000000000000000000000000000000000000000000000000000, B=64'1111111111111111111111111111111111111111111111111111111111111111, Y=$flatten\bridge1.\fifo_master1.\fifo1.$procmux$1305_Y
      New ports: A=1'0, B=1'1, Y=$flatten\bridge1.\fifo_master1.\fifo1.$procmux$1305_Y [0]
      New connections: $flatten\bridge1.\fifo_master1.\fifo1.$procmux$1305_Y [63:1] = { $flatten\bridge1.\fifo_master1.\fifo1.$procmux$1305_Y [0] $flatten\bridge1.\fifo_master1.\fifo1.$procmux$1305_Y [0] $flatten\bridge1.\fifo_master1.\fifo1.$procmux$1305_Y [0] $flatten\bridge1.\fifo_master1.\fifo1.$procmux$1305_Y [0] $flatten\bridge1.\fifo_master1.\fifo1.$procmux$1305_Y [0] $flatten\bridge1.\fifo_master1.\fifo1.$procmux$1305_Y [0] $flatten\bridge1.\fifo_master1.\fifo1.$procmux$1305_Y [0] $flatten\bridge1.\fifo_master1.\fifo1.$procmux$1305_Y [0] $flatten\bridge1.\fifo_master1.\fifo1.$procmux$1305_Y [0] $flatten\bridge1.\fifo_master1.\fifo1.$procmux$1305_Y [0] $flatten\bridge1.\fifo_master1.\fifo1.$procmux$1305_Y [0] $flatten\bridge1.\fifo_master1.\fifo1.$procmux$1305_Y [0] $flatten\bridge1.\fifo_master1.\fifo1.$procmux$1305_Y [0] $flatten\bridge1.\fifo_master1.\fifo1.$procmux$1305_Y [0] $flatten\bridge1.\fifo_master1.\fifo1.$procmux$1305_Y [0] $flatten\bridge1.\fifo_master1.\fifo1.$procmux$1305_Y [0] $flatten\bridge1.\fifo_master1.\fifo1.$procmux$1305_Y [0] $flatten\bridge1.\fifo_master1.\fifo1.$procmux$1305_Y [0] $flatten\bridge1.\fifo_master1.\fifo1.$procmux$1305_Y [0] $flatten\bridge1.\fifo_master1.\fifo1.$procmux$1305_Y [0] $flatten\bridge1.\fifo_master1.\fifo1.$procmux$1305_Y [0] $flatten\bridge1.\fifo_master1.\fifo1.$procmux$1305_Y [0] $flatten\bridge1.\fifo_master1.\fifo1.$procmux$1305_Y [0] $flatten\bridge1.\fifo_master1.\fifo1.$procmux$1305_Y [0] $flatten\bridge1.\fifo_master1.\fifo1.$procmux$1305_Y [0] $flatten\bridge1.\fifo_master1.\fifo1.$procmux$1305_Y [0] $flatten\bridge1.\fifo_master1.\fifo1.$procmux$1305_Y [0] $flatten\bridge1.\fifo_master1.\fifo1.$procmux$1305_Y [0] $flatten\bridge1.\fifo_master1.\fifo1.$procmux$1305_Y [0] $flatten\bridge1.\fifo_master1.\fifo1.$procmux$1305_Y [0] $flatten\bridge1.\fifo_master1.\fifo1.$procmux$1305_Y [0] $flatten\bridge1.\fifo_master1.\fifo1.$procmux$1305_Y [0] $flatten\bridge1.\fifo_master1.\fifo1.$procmux$1305_Y [0] $flatten\bridge1.\fifo_master1.\fifo1.$procmux$1305_Y [0] $flatten\bridge1.\fifo_master1.\fifo1.$procmux$1305_Y [0] $flatten\bridge1.\fifo_master1.\fifo1.$procmux$1305_Y [0] $flatten\bridge1.\fifo_master1.\fifo1.$procmux$1305_Y [0] $flatten\bridge1.\fifo_master1.\fifo1.$procmux$1305_Y [0] $flatten\bridge1.\fifo_master1.\fifo1.$procmux$1305_Y [0] $flatten\bridge1.\fifo_master1.\fifo1.$procmux$1305_Y [0] $flatten\bridge1.\fifo_master1.\fifo1.$procmux$1305_Y [0] $flatten\bridge1.\fifo_master1.\fifo1.$procmux$1305_Y [0] $flatten\bridge1.\fifo_master1.\fifo1.$procmux$1305_Y [0] $flatten\bridge1.\fifo_master1.\fifo1.$procmux$1305_Y [0] $flatten\bridge1.\fifo_master1.\fifo1.$procmux$1305_Y [0] $flatten\bridge1.\fifo_master1.\fifo1.$procmux$1305_Y [0] $flatten\bridge1.\fifo_master1.\fifo1.$procmux$1305_Y [0] $flatten\bridge1.\fifo_master1.\fifo1.$procmux$1305_Y [0] $flatten\bridge1.\fifo_master1.\fifo1.$procmux$1305_Y [0] $flatten\bridge1.\fifo_master1.\fifo1.$procmux$1305_Y [0] $flatten\bridge1.\fifo_master1.\fifo1.$procmux$1305_Y [0] $flatten\bridge1.\fifo_master1.\fifo1.$procmux$1305_Y [0] $flatten\bridge1.\fifo_master1.\fifo1.$procmux$1305_Y [0] $flatten\bridge1.\fifo_master1.\fifo1.$procmux$1305_Y [0] $flatten\bridge1.\fifo_master1.\fifo1.$procmux$1305_Y [0] $flatten\bridge1.\fifo_master1.\fifo1.$procmux$1305_Y [0] $flatten\bridge1.\fifo_master1.\fifo1.$procmux$1305_Y [0] $flatten\bridge1.\fifo_master1.\fifo1.$procmux$1305_Y [0] $flatten\bridge1.\fifo_master1.\fifo1.$procmux$1305_Y [0] $flatten\bridge1.\fifo_master1.\fifo1.$procmux$1305_Y [0] $flatten\bridge1.\fifo_master1.\fifo1.$procmux$1305_Y [0] $flatten\bridge1.\fifo_master1.\fifo1.$procmux$1305_Y [0] $flatten\bridge1.\fifo_master1.\fifo1.$procmux$1305_Y [0] }
    New ctrl vector for $pmux cell $flatten\bridge1.\fifo_master1.\master1.$procmux$1338: $flatten\bridge1.\fifo_master1.\master1.$procmux$1341_CMP
    New ctrl vector for $pmux cell $flatten\bridge1.\fifo_master1.\master1.\master_apb.$procmux$1110: { $flatten\bridge1.\fifo_master1.\master1.\master_apb.$procmux$1017_CMP $auto$opt_reduce.cc:134:opt_pmux$1572 }
    New ctrl vector for $pmux cell $flatten\bridge1.\fifo_master1.\master1.\apb_slave_timer1.\timer_peri.\control_logic1.$procmux$951: $auto$opt_reduce.cc:134:opt_pmux$1574
    Consolidated identical input bits for $mux cell $flatten\core1.\data.\r1.$procmux$1189:
      Old ports: A=0, B=32'11111111111111111111111111111111, Y=$flatten\core1.\data.\r1.$0$memwr$\register$/home/vboxuser/Desktop/openlane/testing/register_file.sv:53$180_EN[31:0]$190
      New ports: A=1'0, B=1'1, Y=$flatten\core1.\data.\r1.$0$memwr$\register$/home/vboxuser/Desktop/openlane/testing/register_file.sv:53$180_EN[31:0]$190 [0]
      New connections: $flatten\core1.\data.\r1.$0$memwr$\register$/home/vboxuser/Desktop/openlane/testing/register_file.sv:53$180_EN[31:0]$190 [31:1] = { $flatten\core1.\data.\r1.$0$memwr$\register$/home/vboxuser/Desktop/openlane/testing/register_file.sv:53$180_EN[31:0]$190 [0] $flatten\core1.\data.\r1.$0$memwr$\register$/home/vboxuser/Desktop/openlane/testing/register_file.sv:53$180_EN[31:0]$190 [0] $flatten\core1.\data.\r1.$0$memwr$\register$/home/vboxuser/Desktop/openlane/testing/register_file.sv:53$180_EN[31:0]$190 [0] $flatten\core1.\data.\r1.$0$memwr$\register$/home/vboxuser/Desktop/openlane/testing/register_file.sv:53$180_EN[31:0]$190 [0] $flatten\core1.\data.\r1.$0$memwr$\register$/home/vboxuser/Desktop/openlane/testing/register_file.sv:53$180_EN[31:0]$190 [0] $flatten\core1.\data.\r1.$0$memwr$\register$/home/vboxuser/Desktop/openlane/testing/register_file.sv:53$180_EN[31:0]$190 [0] $flatten\core1.\data.\r1.$0$memwr$\register$/home/vboxuser/Desktop/openlane/testing/register_file.sv:53$180_EN[31:0]$190 [0] $flatten\core1.\data.\r1.$0$memwr$\register$/home/vboxuser/Desktop/openlane/testing/register_file.sv:53$180_EN[31:0]$190 [0] $flatten\core1.\data.\r1.$0$memwr$\register$/home/vboxuser/Desktop/openlane/testing/register_file.sv:53$180_EN[31:0]$190 [0] $flatten\core1.\data.\r1.$0$memwr$\register$/home/vboxuser/Desktop/openlane/testing/register_file.sv:53$180_EN[31:0]$190 [0] $flatten\core1.\data.\r1.$0$memwr$\register$/home/vboxuser/Desktop/openlane/testing/register_file.sv:53$180_EN[31:0]$190 [0] $flatten\core1.\data.\r1.$0$memwr$\register$/home/vboxuser/Desktop/openlane/testing/register_file.sv:53$180_EN[31:0]$190 [0] $flatten\core1.\data.\r1.$0$memwr$\register$/home/vboxuser/Desktop/openlane/testing/register_file.sv:53$180_EN[31:0]$190 [0] $flatten\core1.\data.\r1.$0$memwr$\register$/home/vboxuser/Desktop/openlane/testing/register_file.sv:53$180_EN[31:0]$190 [0] $flatten\core1.\data.\r1.$0$memwr$\register$/home/vboxuser/Desktop/openlane/testing/register_file.sv:53$180_EN[31:0]$190 [0] $flatten\core1.\data.\r1.$0$memwr$\register$/home/vboxuser/Desktop/openlane/testing/register_file.sv:53$180_EN[31:0]$190 [0] $flatten\core1.\data.\r1.$0$memwr$\register$/home/vboxuser/Desktop/openlane/testing/register_file.sv:53$180_EN[31:0]$190 [0] $flatten\core1.\data.\r1.$0$memwr$\register$/home/vboxuser/Desktop/openlane/testing/register_file.sv:53$180_EN[31:0]$190 [0] $flatten\core1.\data.\r1.$0$memwr$\register$/home/vboxuser/Desktop/openlane/testing/register_file.sv:53$180_EN[31:0]$190 [0] $flatten\core1.\data.\r1.$0$memwr$\register$/home/vboxuser/Desktop/openlane/testing/register_file.sv:53$180_EN[31:0]$190 [0] $flatten\core1.\data.\r1.$0$memwr$\register$/home/vboxuser/Desktop/openlane/testing/register_file.sv:53$180_EN[31:0]$190 [0] $flatten\core1.\data.\r1.$0$memwr$\register$/home/vboxuser/Desktop/openlane/testing/register_file.sv:53$180_EN[31:0]$190 [0] $flatten\core1.\data.\r1.$0$memwr$\register$/home/vboxuser/Desktop/openlane/testing/register_file.sv:53$180_EN[31:0]$190 [0] $flatten\core1.\data.\r1.$0$memwr$\register$/home/vboxuser/Desktop/openlane/testing/register_file.sv:53$180_EN[31:0]$190 [0] $flatten\core1.\data.\r1.$0$memwr$\register$/home/vboxuser/Desktop/openlane/testing/register_file.sv:53$180_EN[31:0]$190 [0] $flatten\core1.\data.\r1.$0$memwr$\register$/home/vboxuser/Desktop/openlane/testing/register_file.sv:53$180_EN[31:0]$190 [0] $flatten\core1.\data.\r1.$0$memwr$\register$/home/vboxuser/Desktop/openlane/testing/register_file.sv:53$180_EN[31:0]$190 [0] $flatten\core1.\data.\r1.$0$memwr$\register$/home/vboxuser/Desktop/openlane/testing/register_file.sv:53$180_EN[31:0]$190 [0] $flatten\core1.\data.\r1.$0$memwr$\register$/home/vboxuser/Desktop/openlane/testing/register_file.sv:53$180_EN[31:0]$190 [0] $flatten\core1.\data.\r1.$0$memwr$\register$/home/vboxuser/Desktop/openlane/testing/register_file.sv:53$180_EN[31:0]$190 [0] $flatten\core1.\data.\r1.$0$memwr$\register$/home/vboxuser/Desktop/openlane/testing/register_file.sv:53$180_EN[31:0]$190 [0] }
    Consolidated identical input bits for $mux cell $flatten\dmem1.$procmux$1379:
      Old ports: A=0, B=32'11111111111111111111111111111111, Y=$flatten\dmem1.$0$memwr$\ram$/home/vboxuser/Desktop/openlane/testing/dmem.sv:65$3_EN[31:0]$12
      New ports: A=1'0, B=1'1, Y=$flatten\dmem1.$0$memwr$\ram$/home/vboxuser/Desktop/openlane/testing/dmem.sv:65$3_EN[31:0]$12 [0]
      New connections: $flatten\dmem1.$0$memwr$\ram$/home/vboxuser/Desktop/openlane/testing/dmem.sv:65$3_EN[31:0]$12 [31:1] = { $flatten\dmem1.$0$memwr$\ram$/home/vboxuser/Desktop/openlane/testing/dmem.sv:65$3_EN[31:0]$12 [0] $flatten\dmem1.$0$memwr$\ram$/home/vboxuser/Desktop/openlane/testing/dmem.sv:65$3_EN[31:0]$12 [0] $flatten\dmem1.$0$memwr$\ram$/home/vboxuser/Desktop/openlane/testing/dmem.sv:65$3_EN[31:0]$12 [0] $flatten\dmem1.$0$memwr$\ram$/home/vboxuser/Desktop/openlane/testing/dmem.sv:65$3_EN[31:0]$12 [0] $flatten\dmem1.$0$memwr$\ram$/home/vboxuser/Desktop/openlane/testing/dmem.sv:65$3_EN[31:0]$12 [0] $flatten\dmem1.$0$memwr$\ram$/home/vboxuser/Desktop/openlane/testing/dmem.sv:65$3_EN[31:0]$12 [0] $flatten\dmem1.$0$memwr$\ram$/home/vboxuser/Desktop/openlane/testing/dmem.sv:65$3_EN[31:0]$12 [0] $flatten\dmem1.$0$memwr$\ram$/home/vboxuser/Desktop/openlane/testing/dmem.sv:65$3_EN[31:0]$12 [0] $flatten\dmem1.$0$memwr$\ram$/home/vboxuser/Desktop/openlane/testing/dmem.sv:65$3_EN[31:0]$12 [0] $flatten\dmem1.$0$memwr$\ram$/home/vboxuser/Desktop/openlane/testing/dmem.sv:65$3_EN[31:0]$12 [0] $flatten\dmem1.$0$memwr$\ram$/home/vboxuser/Desktop/openlane/testing/dmem.sv:65$3_EN[31:0]$12 [0] $flatten\dmem1.$0$memwr$\ram$/home/vboxuser/Desktop/openlane/testing/dmem.sv:65$3_EN[31:0]$12 [0] $flatten\dmem1.$0$memwr$\ram$/home/vboxuser/Desktop/openlane/testing/dmem.sv:65$3_EN[31:0]$12 [0] $flatten\dmem1.$0$memwr$\ram$/home/vboxuser/Desktop/openlane/testing/dmem.sv:65$3_EN[31:0]$12 [0] $flatten\dmem1.$0$memwr$\ram$/home/vboxuser/Desktop/openlane/testing/dmem.sv:65$3_EN[31:0]$12 [0] $flatten\dmem1.$0$memwr$\ram$/home/vboxuser/Desktop/openlane/testing/dmem.sv:65$3_EN[31:0]$12 [0] $flatten\dmem1.$0$memwr$\ram$/home/vboxuser/Desktop/openlane/testing/dmem.sv:65$3_EN[31:0]$12 [0] $flatten\dmem1.$0$memwr$\ram$/home/vboxuser/Desktop/openlane/testing/dmem.sv:65$3_EN[31:0]$12 [0] $flatten\dmem1.$0$memwr$\ram$/home/vboxuser/Desktop/openlane/testing/dmem.sv:65$3_EN[31:0]$12 [0] $flatten\dmem1.$0$memwr$\ram$/home/vboxuser/Desktop/openlane/testing/dmem.sv:65$3_EN[31:0]$12 [0] $flatten\dmem1.$0$memwr$\ram$/home/vboxuser/Desktop/openlane/testing/dmem.sv:65$3_EN[31:0]$12 [0] $flatten\dmem1.$0$memwr$\ram$/home/vboxuser/Desktop/openlane/testing/dmem.sv:65$3_EN[31:0]$12 [0] $flatten\dmem1.$0$memwr$\ram$/home/vboxuser/Desktop/openlane/testing/dmem.sv:65$3_EN[31:0]$12 [0] $flatten\dmem1.$0$memwr$\ram$/home/vboxuser/Desktop/openlane/testing/dmem.sv:65$3_EN[31:0]$12 [0] $flatten\dmem1.$0$memwr$\ram$/home/vboxuser/Desktop/openlane/testing/dmem.sv:65$3_EN[31:0]$12 [0] $flatten\dmem1.$0$memwr$\ram$/home/vboxuser/Desktop/openlane/testing/dmem.sv:65$3_EN[31:0]$12 [0] $flatten\dmem1.$0$memwr$\ram$/home/vboxuser/Desktop/openlane/testing/dmem.sv:65$3_EN[31:0]$12 [0] $flatten\dmem1.$0$memwr$\ram$/home/vboxuser/Desktop/openlane/testing/dmem.sv:65$3_EN[31:0]$12 [0] $flatten\dmem1.$0$memwr$\ram$/home/vboxuser/Desktop/openlane/testing/dmem.sv:65$3_EN[31:0]$12 [0] $flatten\dmem1.$0$memwr$\ram$/home/vboxuser/Desktop/openlane/testing/dmem.sv:65$3_EN[31:0]$12 [0] $flatten\dmem1.$0$memwr$\ram$/home/vboxuser/Desktop/openlane/testing/dmem.sv:65$3_EN[31:0]$12 [0] }
  Optimizing cells in module \top.
    Consolidated identical input bits for $mux cell $flatten\bridge1.\fifo_master1.\fifo1.$procmux$1323:
      Old ports: A=$flatten\bridge1.\fifo_master1.\fifo1.$2$memwr$\array$/home/vboxuser/Desktop/openlane/testing/fifo.sv:47$105_EN[63:0]$117, B=64'0000000000000000000000000000000000000000000000000000000000000000, Y=$flatten\bridge1.\fifo_master1.\fifo1.$0$memwr$\array$/home/vboxuser/Desktop/openlane/testing/fifo.sv:47$105_EN[63:0]$109
      New ports: A=$flatten\bridge1.\fifo_master1.\fifo1.$procmux$1305_Y [0], B=1'0, Y=$flatten\bridge1.\fifo_master1.\fifo1.$0$memwr$\array$/home/vboxuser/Desktop/openlane/testing/fifo.sv:47$105_EN[63:0]$109 [0]
      New connections: $flatten\bridge1.\fifo_master1.\fifo1.$0$memwr$\array$/home/vboxuser/Desktop/openlane/testing/fifo.sv:47$105_EN[63:0]$109 [63:1] = { $flatten\bridge1.\fifo_master1.\fifo1.$0$memwr$\array$/home/vboxuser/Desktop/openlane/testing/fifo.sv:47$105_EN[63:0]$109 [0] $flatten\bridge1.\fifo_master1.\fifo1.$0$memwr$\array$/home/vboxuser/Desktop/openlane/testing/fifo.sv:47$105_EN[63:0]$109 [0] $flatten\bridge1.\fifo_master1.\fifo1.$0$memwr$\array$/home/vboxuser/Desktop/openlane/testing/fifo.sv:47$105_EN[63:0]$109 [0] $flatten\bridge1.\fifo_master1.\fifo1.$0$memwr$\array$/home/vboxuser/Desktop/openlane/testing/fifo.sv:47$105_EN[63:0]$109 [0] $flatten\bridge1.\fifo_master1.\fifo1.$0$memwr$\array$/home/vboxuser/Desktop/openlane/testing/fifo.sv:47$105_EN[63:0]$109 [0] $flatten\bridge1.\fifo_master1.\fifo1.$0$memwr$\array$/home/vboxuser/Desktop/openlane/testing/fifo.sv:47$105_EN[63:0]$109 [0] $flatten\bridge1.\fifo_master1.\fifo1.$0$memwr$\array$/home/vboxuser/Desktop/openlane/testing/fifo.sv:47$105_EN[63:0]$109 [0] $flatten\bridge1.\fifo_master1.\fifo1.$0$memwr$\array$/home/vboxuser/Desktop/openlane/testing/fifo.sv:47$105_EN[63:0]$109 [0] $flatten\bridge1.\fifo_master1.\fifo1.$0$memwr$\array$/home/vboxuser/Desktop/openlane/testing/fifo.sv:47$105_EN[63:0]$109 [0] $flatten\bridge1.\fifo_master1.\fifo1.$0$memwr$\array$/home/vboxuser/Desktop/openlane/testing/fifo.sv:47$105_EN[63:0]$109 [0] $flatten\bridge1.\fifo_master1.\fifo1.$0$memwr$\array$/home/vboxuser/Desktop/openlane/testing/fifo.sv:47$105_EN[63:0]$109 [0] $flatten\bridge1.\fifo_master1.\fifo1.$0$memwr$\array$/home/vboxuser/Desktop/openlane/testing/fifo.sv:47$105_EN[63:0]$109 [0] $flatten\bridge1.\fifo_master1.\fifo1.$0$memwr$\array$/home/vboxuser/Desktop/openlane/testing/fifo.sv:47$105_EN[63:0]$109 [0] $flatten\bridge1.\fifo_master1.\fifo1.$0$memwr$\array$/home/vboxuser/Desktop/openlane/testing/fifo.sv:47$105_EN[63:0]$109 [0] $flatten\bridge1.\fifo_master1.\fifo1.$0$memwr$\array$/home/vboxuser/Desktop/openlane/testing/fifo.sv:47$105_EN[63:0]$109 [0] $flatten\bridge1.\fifo_master1.\fifo1.$0$memwr$\array$/home/vboxuser/Desktop/openlane/testing/fifo.sv:47$105_EN[63:0]$109 [0] $flatten\bridge1.\fifo_master1.\fifo1.$0$memwr$\array$/home/vboxuser/Desktop/openlane/testing/fifo.sv:47$105_EN[63:0]$109 [0] $flatten\bridge1.\fifo_master1.\fifo1.$0$memwr$\array$/home/vboxuser/Desktop/openlane/testing/fifo.sv:47$105_EN[63:0]$109 [0] $flatten\bridge1.\fifo_master1.\fifo1.$0$memwr$\array$/home/vboxuser/Desktop/openlane/testing/fifo.sv:47$105_EN[63:0]$109 [0] $flatten\bridge1.\fifo_master1.\fifo1.$0$memwr$\array$/home/vboxuser/Desktop/openlane/testing/fifo.sv:47$105_EN[63:0]$109 [0] $flatten\bridge1.\fifo_master1.\fifo1.$0$memwr$\array$/home/vboxuser/Desktop/openlane/testing/fifo.sv:47$105_EN[63:0]$109 [0] $flatten\bridge1.\fifo_master1.\fifo1.$0$memwr$\array$/home/vboxuser/Desktop/openlane/testing/fifo.sv:47$105_EN[63:0]$109 [0] $flatten\bridge1.\fifo_master1.\fifo1.$0$memwr$\array$/home/vboxuser/Desktop/openlane/testing/fifo.sv:47$105_EN[63:0]$109 [0] $flatten\bridge1.\fifo_master1.\fifo1.$0$memwr$\array$/home/vboxuser/Desktop/openlane/testing/fifo.sv:47$105_EN[63:0]$109 [0] $flatten\bridge1.\fifo_master1.\fifo1.$0$memwr$\array$/home/vboxuser/Desktop/openlane/testing/fifo.sv:47$105_EN[63:0]$109 [0] $flatten\bridge1.\fifo_master1.\fifo1.$0$memwr$\array$/home/vboxuser/Desktop/openlane/testing/fifo.sv:47$105_EN[63:0]$109 [0] $flatten\bridge1.\fifo_master1.\fifo1.$0$memwr$\array$/home/vboxuser/Desktop/openlane/testing/fifo.sv:47$105_EN[63:0]$109 [0] $flatten\bridge1.\fifo_master1.\fifo1.$0$memwr$\array$/home/vboxuser/Desktop/openlane/testing/fifo.sv:47$105_EN[63:0]$109 [0] $flatten\bridge1.\fifo_master1.\fifo1.$0$memwr$\array$/home/vboxuser/Desktop/openlane/testing/fifo.sv:47$105_EN[63:0]$109 [0] $flatten\bridge1.\fifo_master1.\fifo1.$0$memwr$\array$/home/vboxuser/Desktop/openlane/testing/fifo.sv:47$105_EN[63:0]$109 [0] $flatten\bridge1.\fifo_master1.\fifo1.$0$memwr$\array$/home/vboxuser/Desktop/openlane/testing/fifo.sv:47$105_EN[63:0]$109 [0] $flatten\bridge1.\fifo_master1.\fifo1.$0$memwr$\array$/home/vboxuser/Desktop/openlane/testing/fifo.sv:47$105_EN[63:0]$109 [0] $flatten\bridge1.\fifo_master1.\fifo1.$0$memwr$\array$/home/vboxuser/Desktop/openlane/testing/fifo.sv:47$105_EN[63:0]$109 [0] $flatten\bridge1.\fifo_master1.\fifo1.$0$memwr$\array$/home/vboxuser/Desktop/openlane/testing/fifo.sv:47$105_EN[63:0]$109 [0] $flatten\bridge1.\fifo_master1.\fifo1.$0$memwr$\array$/home/vboxuser/Desktop/openlane/testing/fifo.sv:47$105_EN[63:0]$109 [0] $flatten\bridge1.\fifo_master1.\fifo1.$0$memwr$\array$/home/vboxuser/Desktop/openlane/testing/fifo.sv:47$105_EN[63:0]$109 [0] $flatten\bridge1.\fifo_master1.\fifo1.$0$memwr$\array$/home/vboxuser/Desktop/openlane/testing/fifo.sv:47$105_EN[63:0]$109 [0] $flatten\bridge1.\fifo_master1.\fifo1.$0$memwr$\array$/home/vboxuser/Desktop/openlane/testing/fifo.sv:47$105_EN[63:0]$109 [0] $flatten\bridge1.\fifo_master1.\fifo1.$0$memwr$\array$/home/vboxuser/Desktop/openlane/testing/fifo.sv:47$105_EN[63:0]$109 [0] $flatten\bridge1.\fifo_master1.\fifo1.$0$memwr$\array$/home/vboxuser/Desktop/openlane/testing/fifo.sv:47$105_EN[63:0]$109 [0] $flatten\bridge1.\fifo_master1.\fifo1.$0$memwr$\array$/home/vboxuser/Desktop/openlane/testing/fifo.sv:47$105_EN[63:0]$109 [0] $flatten\bridge1.\fifo_master1.\fifo1.$0$memwr$\array$/home/vboxuser/Desktop/openlane/testing/fifo.sv:47$105_EN[63:0]$109 [0] $flatten\bridge1.\fifo_master1.\fifo1.$0$memwr$\array$/home/vboxuser/Desktop/openlane/testing/fifo.sv:47$105_EN[63:0]$109 [0] $flatten\bridge1.\fifo_master1.\fifo1.$0$memwr$\array$/home/vboxuser/Desktop/openlane/testing/fifo.sv:47$105_EN[63:0]$109 [0] $flatten\bridge1.\fifo_master1.\fifo1.$0$memwr$\array$/home/vboxuser/Desktop/openlane/testing/fifo.sv:47$105_EN[63:0]$109 [0] $flatten\bridge1.\fifo_master1.\fifo1.$0$memwr$\array$/home/vboxuser/Desktop/openlane/testing/fifo.sv:47$105_EN[63:0]$109 [0] $flatten\bridge1.\fifo_master1.\fifo1.$0$memwr$\array$/home/vboxuser/Desktop/openlane/testing/fifo.sv:47$105_EN[63:0]$109 [0] $flatten\bridge1.\fifo_master1.\fifo1.$0$memwr$\array$/home/vboxuser/Desktop/openlane/testing/fifo.sv:47$105_EN[63:0]$109 [0] $flatten\bridge1.\fifo_master1.\fifo1.$0$memwr$\array$/home/vboxuser/Desktop/openlane/testing/fifo.sv:47$105_EN[63:0]$109 [0] $flatten\bridge1.\fifo_master1.\fifo1.$0$memwr$\array$/home/vboxuser/Desktop/openlane/testing/fifo.sv:47$105_EN[63:0]$109 [0] $flatten\bridge1.\fifo_master1.\fifo1.$0$memwr$\array$/home/vboxuser/Desktop/openlane/testing/fifo.sv:47$105_EN[63:0]$109 [0] $flatten\bridge1.\fifo_master1.\fifo1.$0$memwr$\array$/home/vboxuser/Desktop/openlane/testing/fifo.sv:47$105_EN[63:0]$109 [0] $flatten\bridge1.\fifo_master1.\fifo1.$0$memwr$\array$/home/vboxuser/Desktop/openlane/testing/fifo.sv:47$105_EN[63:0]$109 [0] $flatten\bridge1.\fifo_master1.\fifo1.$0$memwr$\array$/home/vboxuser/Desktop/openlane/testing/fifo.sv:47$105_EN[63:0]$109 [0] $flatten\bridge1.\fifo_master1.\fifo1.$0$memwr$\array$/home/vboxuser/Desktop/openlane/testing/fifo.sv:47$105_EN[63:0]$109 [0] $flatten\bridge1.\fifo_master1.\fifo1.$0$memwr$\array$/home/vboxuser/Desktop/openlane/testing/fifo.sv:47$105_EN[63:0]$109 [0] $flatten\bridge1.\fifo_master1.\fifo1.$0$memwr$\array$/home/vboxuser/Desktop/openlane/testing/fifo.sv:47$105_EN[63:0]$109 [0] $flatten\bridge1.\fifo_master1.\fifo1.$0$memwr$\array$/home/vboxuser/Desktop/openlane/testing/fifo.sv:47$105_EN[63:0]$109 [0] $flatten\bridge1.\fifo_master1.\fifo1.$0$memwr$\array$/home/vboxuser/Desktop/openlane/testing/fifo.sv:47$105_EN[63:0]$109 [0] $flatten\bridge1.\fifo_master1.\fifo1.$0$memwr$\array$/home/vboxuser/Desktop/openlane/testing/fifo.sv:47$105_EN[63:0]$109 [0] $flatten\bridge1.\fifo_master1.\fifo1.$0$memwr$\array$/home/vboxuser/Desktop/openlane/testing/fifo.sv:47$105_EN[63:0]$109 [0] $flatten\bridge1.\fifo_master1.\fifo1.$0$memwr$\array$/home/vboxuser/Desktop/openlane/testing/fifo.sv:47$105_EN[63:0]$109 [0] $flatten\bridge1.\fifo_master1.\fifo1.$0$memwr$\array$/home/vboxuser/Desktop/openlane/testing/fifo.sv:47$105_EN[63:0]$109 [0] }
  Optimizing cells in module \top.
Performed a total of 8 changes.

62. Executing OPT_MERGE pass (detect identical cells).
Finding identical cells in module `\top'.
<suppressed ~33 debug messages>
Removed a total of 11 cells.

63. Executing OPT_DFF pass (perform DFF optimizations).

64. Executing OPT_CLEAN pass (remove unused cells and wires).
Finding unused cells or wires in module \top..
Removed 0 unused cells and 113 unused wires.
<suppressed ~1 debug messages>

65. Executing OPT_EXPR pass (perform const folding).
Optimizing module top.

66. Rerunning OPT passes. (Maybe there is more to do…)

67. Executing OPT_MUXTREE pass (detect dead branches in mux trees).
Running muxtree optimizer on module \top..
  Creating internal representation of mux trees.
  Evaluating internal representation of mux trees.
  Analyzing evaluation results.
Removed 0 multiplexer ports.
<suppressed ~91 debug messages>

68. Executing OPT_REDUCE pass (consolidate $*mux and $reduce_* inputs).
  Optimizing cells in module \top.
    New ctrl vector for $pmux cell $flatten\bridge1.\fifo_master1.\master1.\apb_slave_uart1.\uart_soc1.\uart_rx1.$procmux$752: { $flatten\bridge1.\fifo_master1.\master1.\apb_slave_uart1.\uart_soc1.\uart_rx1.$procmux$658_CMP $auto$opt_reduce.cc:134:opt_pmux$1576 }
  Optimizing cells in module \top.
Performed a total of 1 changes.

69. Executing OPT_MERGE pass (detect identical cells).
Finding identical cells in module `\top'.
Removed a total of 0 cells.

70. Executing OPT_DFF pass (perform DFF optimizations).

71. Executing OPT_CLEAN pass (remove unused cells and wires).
Finding unused cells or wires in module \top..

72. Executing OPT_EXPR pass (perform const folding).
Optimizing module top.

73. Rerunning OPT passes. (Maybe there is more to do…)

74. Executing OPT_MUXTREE pass (detect dead branches in mux trees).
Running muxtree optimizer on module \top..
  Creating internal representation of mux trees.
  Evaluating internal representation of mux trees.
  Analyzing evaluation results.
Removed 0 multiplexer ports.
<suppressed ~91 debug messages>

75. Executing OPT_REDUCE pass (consolidate $*mux and $reduce_* inputs).
  Optimizing cells in module \top.
Performed a total of 0 changes.

76. Executing OPT_MERGE pass (detect identical cells).
Finding identical cells in module `\top'.
Removed a total of 0 cells.

77. Executing OPT_DFF pass (perform DFF optimizations).

78. Executing OPT_CLEAN pass (remove unused cells and wires).
Finding unused cells or wires in module \top..

79. Executing OPT_EXPR pass (perform const folding).
Optimizing module top.

80. Executing FSM pass (extract and optimize FSM).

80.1. Executing FSM_DETECT pass (finding FSMs in design).
Found FSM state register top.bridge1.fifo_master1.master1.apb_slave_timer1.timer_peri.control_logic1.control_word.
Found FSM state register top.bridge1.fifo_master1.master1.apb_slave_timer1.timer_peri.decoder_logic1.normal_time.state.
Found FSM state register top.bridge1.fifo_master1.master1.apb_slave_timer1.timer_peri.decoder_logic1.square_time.state.
Found FSM state register top.bridge1.fifo_master1.master1.apb_slave_uart1.uart_soc1.uart_rx1.state.
Not marking top.bridge1.fifo_master1.master1.apb_slave_uart1.uart_soc1.uart_tx1.state as FSM state register:
    Users of register don't seem to benefit from recoding.
Found FSM state register top.bridge1.fifo_master1.master1.master_apb.psel.
Found FSM state register top.bridge1.fifo_master1.master1.master_apb.state.

80.2. Executing FSM_EXTRACT pass (extracting FSM from design).
Extracting FSM `\bridge1.fifo_master1.master1.apb_slave_timer1.timer_peri.control_logic1.control_word' from module `\top'.
  found $dff cell for state register: $flatten\bridge1.\fifo_master1.\master1.\apb_slave_timer1.\timer_peri.\control_logic1.$procdff$1491
  root of input selection tree: $flatten\bridge1.\fifo_master1.\master1.\apb_slave_timer1.\timer_peri.\control_logic1.$0\control_word[5:0]
  found ctrl input: \bridge1.fifo_master1.master1.apb_slave_timer1.pwrite_en
  found ctrl input: \rst
  found state code: 6'000000
  found ctrl input: $flatten\bridge1.\fifo_master1.\master1.\apb_slave_timer1.\timer_peri.\control_logic1.$procmux$934_CMP
  found ctrl input: $flatten\bridge1.\fifo_master1.\master1.\apb_slave_timer1.\timer_peri.\control_logic1.$procmux$938_CMP
  found ctrl input: $flatten\bridge1.\fifo_master1.\master1.\apb_slave_timer1.\timer_peri.\control_logic1.$procmux$942_CMP
  found ctrl input: \bridge1.fifo_master1.master1.apb_slave_timer1.p_data [26]
  found state code: 6'100000
  found state code: 6'010000
  found state code: 6'001000
  found state code: 6'000100
  found state code: 6'000010
  found state code: 6'000001
  found ctrl output: $flatten\bridge1.\fifo_master1.\master1.\apb_slave_timer1.\timer_peri.\decoder_logic1.$procmux$980_CMP
  found ctrl output: $flatten\bridge1.\fifo_master1.\master1.\apb_slave_timer1.\timer_peri.\decoder_logic1.$procmux$983_CMP
  ctrl inputs: { $flatten\bridge1.\fifo_master1.\master1.\apb_slave_timer1.\timer_peri.\control_logic1.$procmux$942_CMP $flatten\bridge1.\fifo_master1.\master1.\apb_slave_timer1.\timer_peri.\control_logic1.$procmux$938_CMP $flatten\bridge1.\fifo_master1.\master1.\apb_slave_timer1.\timer_peri.\control_logic1.$procmux$934_CMP \bridge1.fifo_master1.master1.apb_slave_timer1.pwrite_en \bridge1.fifo_master1.master1.apb_slave_timer1.p_data [26] \rst }
  ctrl outputs: { $flatten\bridge1.\fifo_master1.\master1.\apb_slave_timer1.\timer_peri.\control_logic1.$0\control_word[5:0] $flatten\bridge1.\fifo_master1.\master1.\apb_slave_timer1.\timer_peri.\decoder_logic1.$procmux$983_CMP $flatten\bridge1.\fifo_master1.\master1.\apb_slave_timer1.\timer_peri.\decoder_logic1.$procmux$980_CMP }
  transition:   6'000000 6'---0-0 ->   6'000000 8'00000000
  transition:   6'000000 6'---0-1 ->   6'000000 8'00000000
  transition:   6'000000 6'0001-- ->   6'000000 8'00000000
  transition:   6'000000 6'1--10- ->   6'000010 8'00001000
  transition:   6'000000 6'1--11- ->   6'000001 8'00000100
  transition:   6'000000 6'-1-10- ->   6'001000 8'00100000
  transition:   6'000000 6'-1-11- ->   6'000100 8'00010000
  transition:   6'000000 6'--110- ->   6'100000 8'10000000
  transition:   6'000000 6'--111- ->   6'010000 8'01000000
  transition:   6'100000 6'---0-0 ->   6'100000 8'10000000
  transition:   6'100000 6'---0-1 ->   6'000000 8'00000000
  transition:   6'100000 6'0001-- ->   6'000000 8'00000000
  transition:   6'100000 6'1--10- ->   6'000010 8'00001000
  transition:   6'100000 6'1--11- ->   6'000001 8'00000100
  transition:   6'100000 6'-1-10- ->   6'001000 8'00100000
  transition:   6'100000 6'-1-11- ->   6'000100 8'00010000
  transition:   6'100000 6'--110- ->   6'100000 8'10000000
  transition:   6'100000 6'--111- ->   6'010000 8'01000000
  transition:   6'010000 6'---0-0 ->   6'010000 8'01000010
  transition:   6'010000 6'---0-1 ->   6'000000 8'00000010
  transition:   6'010000 6'0001-- ->   6'000000 8'00000010
  transition:   6'010000 6'1--10- ->   6'000010 8'00001010
  transition:   6'010000 6'1--11- ->   6'000001 8'00000110
  transition:   6'010000 6'-1-10- ->   6'001000 8'00100010
  transition:   6'010000 6'-1-11- ->   6'000100 8'00010010
  transition:   6'010000 6'--110- ->   6'100000 8'10000010
  transition:   6'010000 6'--111- ->   6'010000 8'01000010
  transition:   6'001000 6'---0-0 ->   6'001000 8'00100000
  transition:   6'001000 6'---0-1 ->   6'000000 8'00000000
  transition:   6'001000 6'0001-- ->   6'000000 8'00000000
  transition:   6'001000 6'1--10- ->   6'000010 8'00001000
  transition:   6'001000 6'1--11- ->   6'000001 8'00000100
  transition:   6'001000 6'-1-10- ->   6'001000 8'00100000
  transition:   6'001000 6'-1-11- ->   6'000100 8'00010000
  transition:   6'001000 6'--110- ->   6'100000 8'10000000
  transition:   6'001000 6'--111- ->   6'010000 8'01000000
  transition:   6'000100 6'---0-0 ->   6'000100 8'00010000
  transition:   6'000100 6'---0-1 ->   6'000000 8'00000000
  transition:   6'000100 6'0001-- ->   6'000000 8'00000000
  transition:   6'000100 6'1--10- ->   6'000010 8'00001000
  transition:   6'000100 6'1--11- ->   6'000001 8'00000100
  transition:   6'000100 6'-1-10- ->   6'001000 8'00100000
  transition:   6'000100 6'-1-11- ->   6'000100 8'00010000
  transition:   6'000100 6'--110- ->   6'100000 8'10000000
  transition:   6'000100 6'--111- ->   6'010000 8'01000000
  transition:   6'000010 6'---0-0 ->   6'000010 8'00001000
  transition:   6'000010 6'---0-1 ->   6'000000 8'00000000
  transition:   6'000010 6'0001-- ->   6'000000 8'00000000
  transition:   6'000010 6'1--10- ->   6'000010 8'00001000
  transition:   6'000010 6'1--11- ->   6'000001 8'00000100
  transition:   6'000010 6'-1-10- ->   6'001000 8'00100000
  transition:   6'000010 6'-1-11- ->   6'000100 8'00010000
  transition:   6'000010 6'--110- ->   6'100000 8'10000000
  transition:   6'000010 6'--111- ->   6'010000 8'01000000
  transition:   6'000001 6'---0-0 ->   6'000001 8'00000101
  transition:   6'000001 6'---0-1 ->   6'000000 8'00000001
  transition:   6'000001 6'0001-- ->   6'000000 8'00000001
  transition:   6'000001 6'1--10- ->   6'000010 8'00001001
  transition:   6'000001 6'1--11- ->   6'000001 8'00000101
  transition:   6'000001 6'-1-10- ->   6'001000 8'00100001
  transition:   6'000001 6'-1-11- ->   6'000100 8'00010001
  transition:   6'000001 6'--110- ->   6'100000 8'10000001
  transition:   6'000001 6'--111- ->   6'010000 8'01000001
Extracting FSM `\bridge1.fifo_master1.master1.apb_slave_timer1.timer_peri.decoder_logic1.normal_time.state' from module `\top'.
  found $dff cell for state register: $flatten\bridge1.\fifo_master1.\master1.\apb_slave_timer1.\timer_peri.\decoder_logic1.\normal_time.$procdff$1524
  root of input selection tree: $flatten\bridge1.\fifo_master1.\master1.\apb_slave_timer1.\timer_peri.\decoder_logic1.\normal_time.$0\state[1:0]
  found reset state: 2'00 (guessed from mux tree)
  found ctrl input: \rst
  found ctrl input: $flatten\bridge1.\fifo_master1.\master1.\apb_slave_timer1.\timer_peri.\decoder_logic1.\normal_time.$procmux$1392_CMP
  found ctrl input: $flatten\bridge1.\fifo_master1.\master1.\apb_slave_timer1.\timer_peri.\decoder_logic1.\normal_time.$procmux$1415_CMP
  found ctrl input: $flatten\bridge1.\fifo_master1.\master1.\apb_slave_timer1.\timer_peri.\decoder_logic1.\normal_time.$procmux$1395_CMP
  found state code: 2'00
  found ctrl input: $flatten\bridge1.\fifo_master1.\master1.\apb_slave_timer1.\timer_peri.\decoder_logic1.\normal_time.$eq$/home/vboxuser/Desktop/openlane/testing/normal.sv:104$387_Y
  found ctrl input: $flatten\bridge1.\fifo_master1.\master1.\apb_slave_timer1.\timer_peri.\decoder_logic1.\normal_time.$eq$/home/vboxuser/Desktop/openlane/testing/normal.sv:83$384_Y
  found ctrl input: $flatten\bridge1.\fifo_master1.\master1.\apb_slave_timer1.\timer_peri.\decoder_logic1.\normal_time.$eq$/home/vboxuser/Desktop/openlane/testing/normal.sv:88$385_Y
  found state code: 2'10
  found ctrl input: $flatten\bridge1.\fifo_master1.\master1.\apb_slave_timer1.\timer_peri.\decoder_logic1.\normal_time.$ne$/home/vboxuser/Desktop/openlane/testing/normal.sv:70$383_Y
  found state code: 2'01
  found ctrl output: $flatten\bridge1.\fifo_master1.\master1.\apb_slave_timer1.\timer_peri.\decoder_logic1.\normal_time.$procmux$1415_CMP
  found ctrl output: $flatten\bridge1.\fifo_master1.\master1.\apb_slave_timer1.\timer_peri.\decoder_logic1.\normal_time.$procmux$1395_CMP
  found ctrl output: $flatten\bridge1.\fifo_master1.\master1.\apb_slave_timer1.\timer_peri.\decoder_logic1.\normal_time.$procmux$1392_CMP
  ctrl inputs: { $flatten\bridge1.\fifo_master1.\master1.\apb_slave_timer1.\timer_peri.\decoder_logic1.\normal_time.$ne$/home/vboxuser/Desktop/openlane/testing/normal.sv:70$383_Y $flatten\bridge1.\fifo_master1.\master1.\apb_slave_timer1.\timer_peri.\decoder_logic1.\normal_time.$eq$/home/vboxuser/Desktop/openlane/testing/normal.sv:83$384_Y $flatten\bridge1.\fifo_master1.\master1.\apb_slave_timer1.\timer_peri.\decoder_logic1.\normal_time.$eq$/home/vboxuser/Desktop/openlane/testing/normal.sv:88$385_Y $flatten\bridge1.\fifo_master1.\master1.\apb_slave_timer1.\timer_peri.\decoder_logic1.\normal_time.$eq$/home/vboxuser/Desktop/openlane/testing/normal.sv:104$387_Y \rst }
  ctrl outputs: { $flatten\bridge1.\fifo_master1.\master1.\apb_slave_timer1.\timer_peri.\decoder_logic1.\normal_time.$0\state[1:0] $flatten\bridge1.\fifo_master1.\master1.\apb_slave_timer1.\timer_peri.\decoder_logic1.\normal_time.$procmux$1392_CMP $flatten\bridge1.\fifo_master1.\master1.\apb_slave_timer1.\timer_peri.\decoder_logic1.\normal_time.$procmux$1395_CMP $flatten\bridge1.\fifo_master1.\master1.\apb_slave_timer1.\timer_peri.\decoder_logic1.\normal_time.$procmux$1415_CMP }
  transition:       2'00 5'0---0 ->       2'00 5'00010
  transition:       2'00 5'1---0 ->       2'01 5'01010
  transition:       2'00 5'----1 ->       2'00 5'00010
  transition:       2'10 5'---00 ->       2'10 5'10100
  transition:       2'10 5'---10 ->       2'00 5'00100
  transition:       2'10 5'----1 ->       2'00 5'00100
  transition:       2'01 5'-0--0 ->       2'01 5'01001
  transition:       2'01 5'-10-0 ->       2'10 5'10001
  transition:       2'01 5'-11-0 ->       2'00 5'00001
  transition:       2'01 5'----1 ->       2'00 5'00001
Extracting FSM `\bridge1.fifo_master1.master1.apb_slave_timer1.timer_peri.decoder_logic1.square_time.state' from module `\top'.
  found $dff cell for state register: $flatten\bridge1.\fifo_master1.\master1.\apb_slave_timer1.\timer_peri.\decoder_logic1.\square_time.$procdff$1457
  root of input selection tree: $flatten\bridge1.\fifo_master1.\master1.\apb_slave_timer1.\timer_peri.\decoder_logic1.\square_time.$0\state[1:0]
  found reset state: 2'00 (guessed from mux tree)
  found ctrl input: \rst
  found ctrl input: $flatten\bridge1.\fifo_master1.\master1.\apb_slave_timer1.\timer_peri.\decoder_logic1.\square_time.$procmux$410_CMP
  found ctrl input: $flatten\bridge1.\fifo_master1.\master1.\apb_slave_timer1.\timer_peri.\decoder_logic1.\square_time.$procmux$413_CMP
  found state code: 2'00
  found ctrl input: \bridge1.fifo_master1.master1.apb_slave_timer1.timer_peri.decoder_logic1.square_time.running
  found ctrl input: \bridge1.fifo_master1.master1.apb_slave_timer1.timer_peri.decoder_logic1.square_time.write_pending
  found state code: 2'01
  found ctrl output: $flatten\bridge1.\fifo_master1.\master1.\apb_slave_timer1.\timer_peri.\decoder_logic1.\square_time.$procmux$413_CMP
  found ctrl output: $flatten\bridge1.\fifo_master1.\master1.\apb_slave_timer1.\timer_peri.\decoder_logic1.\square_time.$procmux$410_CMP
  ctrl inputs: { \bridge1.fifo_master1.master1.apb_slave_timer1.timer_peri.decoder_logic1.square_time.write_pending \bridge1.fifo_master1.master1.apb_slave_timer1.timer_peri.decoder_logic1.square_time.running \rst }
  ctrl outputs: { $flatten\bridge1.\fifo_master1.\master1.\apb_slave_timer1.\timer_peri.\decoder_logic1.\square_time.$0\state[1:0] $flatten\bridge1.\fifo_master1.\master1.\apb_slave_timer1.\timer_peri.\decoder_logic1.\square_time.$procmux$410_CMP $flatten\bridge1.\fifo_master1.\master1.\apb_slave_timer1.\timer_peri.\decoder_logic1.\square_time.$procmux$413_CMP }
  transition:       2'00 3'0-0 ->       2'00 4'0001
  transition:       2'00 3'1-0 ->       2'01 4'0101
  transition:       2'00 3'--1 ->       2'00 4'0001
  transition:       2'01 3'-00 ->       2'00 4'0010
  transition:       2'01 3'-10 ->       2'01 4'0110
  transition:       2'01 3'--1 ->       2'00 4'0010
Extracting FSM `\bridge1.fifo_master1.master1.apb_slave_uart1.uart_soc1.uart_rx1.state' from module `\top'.
  found $dff cell for state register: $flatten\bridge1.\fifo_master1.\master1.\apb_slave_uart1.\uart_soc1.\uart_rx1.$procdff$1476
  root of input selection tree: $flatten\bridge1.\fifo_master1.\master1.\apb_slave_uart1.\uart_soc1.\uart_rx1.$0\state[1:0]
  found reset state: 2'00 (guessed from mux tree)
  found ctrl input: \rst
  found ctrl input: \bridge1.fifo_master1.master1.apb_slave_uart1.uart_soc1.deserializer1.rdy_clear
  found ctrl input: \bridge1.fifo_master1.master1.apb_slave_uart1.uart_soc1.baud_rate1.rx_en
  found ctrl input: $flatten\bridge1.\fifo_master1.\master1.\apb_slave_uart1.\uart_soc1.\uart_rx1.$procmux$753_CMP
  found ctrl input: $flatten\bridge1.\fifo_master1.\master1.\apb_slave_uart1.\uart_soc1.\uart_rx1.$procmux$622_CMP
  found ctrl input: $flatten\bridge1.\fifo_master1.\master1.\apb_slave_uart1.\uart_soc1.\uart_rx1.$procmux$658_CMP
  found state code: 2'00
  found ctrl input: $flatten\bridge1.\fifo_master1.\master1.\apb_slave_uart1.\uart_soc1.\uart_rx1.$eq$/home/vboxuser/Desktop/openlane/testing/uart_rx.sv:70$342_Y
  found ctrl input: $flatten\bridge1.\fifo_master1.\master1.\apb_slave_uart1.\uart_soc1.\uart_rx1.$eq$/home/vboxuser/Desktop/openlane/testing/uart_rx.sv:73$352_Y
  found state code: 2'10
  found ctrl input: \bridge1.fifo_master1.master1.apb_slave_uart1.uart_soc1.uart_tx1.tx
  found ctrl input: $flatten\bridge1.\fifo_master1.\master1.\apb_slave_uart1.\uart_soc1.\uart_rx1.$eq$/home/vboxuser/Desktop/openlane/testing/uart_rx.sv:56$339_Y
  found state code: 2'01
  found ctrl output: $flatten\bridge1.\fifo_master1.\master1.\apb_slave_uart1.\uart_soc1.\uart_rx1.$procmux$622_CMP
  found ctrl output: $flatten\bridge1.\fifo_master1.\master1.\apb_slave_uart1.\uart_soc1.\uart_rx1.$procmux$658_CMP
  found ctrl output: $flatten\bridge1.\fifo_master1.\master1.\apb_slave_uart1.\uart_soc1.\uart_rx1.$procmux$753_CMP
  ctrl inputs: { \bridge1.fifo_master1.master1.apb_slave_uart1.uart_soc1.baud_rate1.rx_en \bridge1.fifo_master1.master1.apb_slave_uart1.uart_soc1.uart_tx1.tx $flatten\bridge1.\fifo_master1.\master1.\apb_slave_uart1.\uart_soc1.\uart_rx1.$eq$/home/vboxuser/Desktop/openlane/testing/uart_rx.sv:73$352_Y $flatten\bridge1.\fifo_master1.\master1.\apb_slave_uart1.\uart_soc1.\uart_rx1.$eq$/home/vboxuser/Desktop/openlane/testing/uart_rx.sv:70$342_Y $flatten\bridge1.\fifo_master1.\master1.\apb_slave_uart1.\uart_soc1.\uart_rx1.$eq$/home/vboxuser/Desktop/openlane/testing/uart_rx.sv:56$339_Y \bridge1.fifo_master1.master1.apb_slave_uart1.uart_soc1.deserializer1.rdy_clear \rst }
  ctrl outputs: { $flatten\bridge1.\fifo_master1.\master1.\apb_slave_uart1.\uart_soc1.\uart_rx1.$procmux$753_CMP $flatten\bridge1.\fifo_master1.\master1.\apb_slave_uart1.\uart_soc1.\uart_rx1.$procmux$658_CMP $flatten\bridge1.\fifo_master1.\master1.\apb_slave_uart1.\uart_soc1.\uart_rx1.$procmux$622_CMP $flatten\bridge1.\fifo_master1.\master1.\apb_slave_uart1.\uart_soc1.\uart_rx1.$0\state[1:0] }
  transition:       2'00 7'0----00 ->       2'00 5'01000
  transition:       2'00 7'10--000 ->       2'00 5'01000
  transition:       2'00 7'10--100 ->       2'01 5'01001
  transition:       2'00 7'11---00 ->       2'00 5'01000
  transition:       2'00 7'-----10 ->       2'00 5'01000
  transition:       2'00 7'------1 ->       2'00 5'01000
  transition:       2'10 7'0----00 ->       2'10 5'10010
  transition:       2'10 7'1--0-00 ->       2'10 5'10010
  transition:       2'10 7'1--1-00 ->       2'00 5'10000
  transition:       2'10 7'-----10 ->       2'10 5'10010
  transition:       2'10 7'------1 ->       2'00 5'10000
  transition:       2'01 7'0----00 ->       2'01 5'00101
  transition:       2'01 7'1--0-00 ->       2'01 5'00101
  transition:       2'01 7'1-01-00 ->       2'01 5'00101
  transition:       2'01 7'1-11-00 ->       2'10 5'00110
  transition:       2'01 7'-----10 ->       2'01 5'00101
  transition:       2'01 7'------1 ->       2'00 5'00100
Extracting FSM `\bridge1.fifo_master1.master1.master_apb.psel' from module `\top'.
  found $dff cell for state register: $flatten\bridge1.\fifo_master1.\master1.\master_apb.$procdff$1495
  root of input selection tree: $flatten\bridge1.\fifo_master1.\master1.\master_apb.$0\psel[1:0]
  found reset state: 2'00 (guessed from mux tree)
  found ctrl input: \rst
  found ctrl input: $flatten\bridge1.\fifo_master1.\master1.\master_apb.$procmux$1003_CMP
  found ctrl input: $flatten\bridge1.\fifo_master1.\master1.\master_apb.$procmux$1017_CMP
  found ctrl input: \bridge1.fifo_master1.master1.master_apb.pready
  found state code: 2'00
  found ctrl input: \bridge1.fifo_master1.fifo1.empty
  found ctrl input: $flatten\bridge1.\fifo_master1.\master1.\master_apb.$logic_and$/home/vboxuser/Desktop/openlane/testing/apb_master.sv:69$294_Y
  found ctrl input: $flatten\bridge1.\fifo_master1.\master1.\master_apb.$logic_and$/home/vboxuser/Desktop/openlane/testing/apb_master.sv:74$297_Y
  found ctrl input: $flatten\bridge1.\fifo_master1.\master1.\master_apb.$logic_and$/home/vboxuser/Desktop/openlane/testing/apb_master.sv:79$300_Y
  found state code: 2'11
  found state code: 2'10
  found state code: 2'01
  found ctrl output: $flatten\bridge1.\fifo_master1.\master1.$procmux$1341_CMP
  found ctrl output: $flatten\bridge1.\fifo_master1.\master1.$procmux$1340_CMP
  found ctrl output: $flatten\bridge1.\fifo_master1.\master1.$procmux$1339_CMP
  ctrl inputs: { $flatten\bridge1.\fifo_master1.\master1.\master_apb.$procmux$1017_CMP $flatten\bridge1.\fifo_master1.\master1.\master_apb.$procmux$1003_CMP $flatten\bridge1.\fifo_master1.\master1.\master_apb.$logic_and$/home/vboxuser/Desktop/openlane/testing/apb_master.sv:79$300_Y $flatten\bridge1.\fifo_master1.\master1.\master_apb.$logic_and$/home/vboxuser/Desktop/openlane/testing/apb_master.sv:74$297_Y $flatten\bridge1.\fifo_master1.\master1.\master_apb.$logic_and$/home/vboxuser/Desktop/openlane/testing/apb_master.sv:69$294_Y \bridge1.fifo_master1.master1.master_apb.pready \bridge1.fifo_master1.fifo1.empty \rst }
  ctrl outputs: { $flatten\bridge1.\fifo_master1.\master1.$procmux$1339_CMP $flatten\bridge1.\fifo_master1.\master1.$procmux$1340_CMP $flatten\bridge1.\fifo_master1.\master1.$procmux$1341_CMP $flatten\bridge1.\fifo_master1.\master1.\master_apb.$0\psel[1:0] }
  transition:       2'00 8'00-----0 ->       2'00 5'00000
  transition:       2'00 8'1-000-00 ->       2'00 5'00000
  transition:       2'00 8'1-100-00 ->       2'11 5'00011
  transition:       2'00 8'1--10-00 ->       2'10 5'00010
  transition:       2'00 8'1---1-00 ->       2'01 5'00001
  transition:       2'00 8'1-----10 ->       2'00 5'00000
  transition:       2'00 8'-1-----0 ->       2'00 5'00000
  transition:       2'00 8'-------1 ->       2'00 5'00000
  transition:       2'10 8'00-----0 ->       2'10 5'01010
  transition:       2'10 8'1-000-00 ->       2'00 5'01000
  transition:       2'10 8'1-100-00 ->       2'11 5'01011
  transition:       2'10 8'1--10-00 ->       2'10 5'01010
  transition:       2'10 8'1---1-00 ->       2'01 5'01001
  transition:       2'10 8'1-----10 ->       2'00 5'01000
  transition:       2'10 8'-1-----0 ->       2'00 5'01000
  transition:       2'10 8'-------1 ->       2'00 5'01000
  transition:       2'01 8'00-----0 ->       2'01 5'00101
  transition:       2'01 8'1-000-00 ->       2'00 5'00100
  transition:       2'01 8'1-100-00 ->       2'11 5'00111
  transition:       2'01 8'1--10-00 ->       2'10 5'00110
  transition:       2'01 8'1---1-00 ->       2'01 5'00101
  transition:       2'01 8'1-----10 ->       2'00 5'00100
  transition:       2'01 8'-1---0-0 ->       2'01 5'00101
  transition:       2'01 8'-1---1-0 ->       2'00 5'00100
  transition:       2'01 8'-------1 ->       2'00 5'00100
  transition:       2'11 8'00-----0 ->       2'11 5'10011
  transition:       2'11 8'1-000-00 ->       2'00 5'10000
  transition:       2'11 8'1-100-00 ->       2'11 5'10011
  transition:       2'11 8'1--10-00 ->       2'10 5'10010
  transition:       2'11 8'1---1-00 ->       2'01 5'10001
  transition:       2'11 8'1-----10 ->       2'00 5'10000
  transition:       2'11 8'-1-----0 ->       2'00 5'10000
  transition:       2'11 8'-------1 ->       2'00 5'10000
Extracting FSM `\bridge1.fifo_master1.master1.master_apb.state' from module `\top'.
  found $dff cell for state register: $flatten\bridge1.\fifo_master1.\master1.\master_apb.$procdff$1500
  root of input selection tree: $flatten\bridge1.\fifo_master1.\master1.\master_apb.$0\state[1:0]
  found reset state: 2'00 (guessed from mux tree)
  found ctrl input: \rst
  found ctrl input: $flatten\bridge1.\fifo_master1.\master1.\master_apb.$procmux$1003_CMP
  found ctrl input: $flatten\bridge1.\fifo_master1.\master1.\master_apb.$procmux$1004_CMP
  found ctrl input: $flatten\bridge1.\fifo_master1.\master1.\master_apb.$procmux$1017_CMP
  found state code: 2'00
  found ctrl input: \bridge1.fifo_master1.master1.master_apb.pready
  found state code: 2'10
  found ctrl input: \bridge1.fifo_master1.fifo1.empty
  found ctrl input: $flatten\bridge1.\fifo_master1.\master1.\master_apb.$logic_and$/home/vboxuser/Desktop/openlane/testing/apb_master.sv:69$294_Y
  found ctrl input: $flatten\bridge1.\fifo_master1.\master1.\master_apb.$logic_and$/home/vboxuser/Desktop/openlane/testing/apb_master.sv:74$297_Y
  found ctrl input: $flatten\bridge1.\fifo_master1.\master1.\master_apb.$logic_and$/home/vboxuser/Desktop/openlane/testing/apb_master.sv:79$300_Y
  found state code: 2'01
  found ctrl output: $flatten\bridge1.\fifo_master1.\master1.\master_apb.$procmux$1003_CMP
  found ctrl output: $flatten\bridge1.\fifo_master1.\master1.\master_apb.$procmux$1004_CMP
  found ctrl output: $flatten\bridge1.\fifo_master1.\master1.\master_apb.$procmux$1017_CMP
  ctrl inputs: { $flatten\bridge1.\fifo_master1.\master1.\master_apb.$logic_and$/home/vboxuser/Desktop/openlane/testing/apb_master.sv:79$300_Y $flatten\bridge1.\fifo_master1.\master1.\master_apb.$logic_and$/home/vboxuser/Desktop/openlane/testing/apb_master.sv:74$297_Y $flatten\bridge1.\fifo_master1.\master1.\master_apb.$logic_and$/home/vboxuser/Desktop/openlane/testing/apb_master.sv:69$294_Y \bridge1.fifo_master1.master1.master_apb.pready \bridge1.fifo_master1.fifo1.empty \rst }
  ctrl outputs: { $flatten\bridge1.\fifo_master1.\master1.\master_apb.$procmux$1017_CMP $flatten\bridge1.\fifo_master1.\master1.\master_apb.$procmux$1004_CMP $flatten\bridge1.\fifo_master1.\master1.\master_apb.$procmux$1003_CMP $flatten\bridge1.\fifo_master1.\master1.\master_apb.$0\state[1:0] }
  transition:       2'00 6'000-00 ->       2'00 5'10000
  transition:       2'00 6'100-00 ->       2'01 5'10001
  transition:       2'00 6'-10-00 ->       2'01 5'10001
  transition:       2'00 6'--1-00 ->       2'01 5'10001
  transition:       2'00 6'----10 ->       2'00 5'10000
  transition:       2'00 6'-----1 ->       2'00 5'10000
  transition:       2'10 6'---0-0 ->       2'10 5'00110
  transition:       2'10 6'---1-0 ->       2'00 5'00100
  transition:       2'10 6'-----1 ->       2'00 5'00100
  transition:       2'01 6'-----0 ->       2'10 5'01010
  transition:       2'01 6'-----1 ->       2'00 5'01000

80.3. Executing FSM_OPT pass (simple optimizations of FSMs).
Optimizing FSM `$fsm$\bridge1.fifo_master1.master1.master_apb.state$1600' from module `\top'.
Optimizing FSM `$fsm$\bridge1.fifo_master1.master1.master_apb.psel$1595' from module `\top'.
Optimizing FSM `$fsm$\bridge1.fifo_master1.master1.apb_slave_uart1.uart_soc1.uart_rx1.state$1590' from module `\top'.
Optimizing FSM `$fsm$\bridge1.fifo_master1.master1.apb_slave_timer1.timer_peri.decoder_logic1.square_time.state$1586' from module `\top'.
Optimizing FSM `$fsm$\bridge1.fifo_master1.master1.apb_slave_timer1.timer_peri.decoder_logic1.normal_time.state$1581' from module `\top'.
Optimizing FSM `$fsm$\bridge1.fifo_master1.master1.apb_slave_timer1.timer_peri.control_logic1.control_word$1577' from module `\top'.
  Merging pattern 6'---0-0 and 6'---0-1 from group (0 0 8'00000000).
  Merging pattern 6'---0-1 and 6'---0-0 from group (0 0 8'00000000).

80.4. Executing OPT_CLEAN pass (remove unused cells and wires).
Finding unused cells or wires in module \top..
Removed 61 unused cells and 67 unused wires.
<suppressed ~68 debug messages>

80.5. Executing FSM_OPT pass (simple optimizations of FSMs).
Optimizing FSM `$fsm$\bridge1.fifo_master1.master1.apb_slave_timer1.timer_peri.control_logic1.control_word$1577' from module `\top'.
  Removing unused output signal $flatten\bridge1.\fifo_master1.\master1.\apb_slave_timer1.\timer_peri.\control_logic1.$0\control_word[5:0] [0].
  Removing unused output signal $flatten\bridge1.\fifo_master1.\master1.\apb_slave_timer1.\timer_peri.\control_logic1.$0\control_word[5:0] [1].
  Removing unused output signal $flatten\bridge1.\fifo_master1.\master1.\apb_slave_timer1.\timer_peri.\control_logic1.$0\control_word[5:0] [2].
  Removing unused output signal $flatten\bridge1.\fifo_master1.\master1.\apb_slave_timer1.\timer_peri.\control_logic1.$0\control_word[5:0] [3].
  Removing unused output signal $flatten\bridge1.\fifo_master1.\master1.\apb_slave_timer1.\timer_peri.\control_logic1.$0\control_word[5:0] [4].
  Removing unused output signal $flatten\bridge1.\fifo_master1.\master1.\apb_slave_timer1.\timer_peri.\control_logic1.$0\control_word[5:0] [5].
Optimizing FSM `$fsm$\bridge1.fifo_master1.master1.apb_slave_timer1.timer_peri.decoder_logic1.normal_time.state$1581' from module `\top'.
  Removing unused output signal $flatten\bridge1.\fifo_master1.\master1.\apb_slave_timer1.\timer_peri.\decoder_logic1.\normal_time.$0\state[1:0] [0].
  Removing unused output signal $flatten\bridge1.\fifo_master1.\master1.\apb_slave_timer1.\timer_peri.\decoder_logic1.\normal_time.$0\state[1:0] [1].
Optimizing FSM `$fsm$\bridge1.fifo_master1.master1.apb_slave_timer1.timer_peri.decoder_logic1.square_time.state$1586' from module `\top'.
  Removing unused output signal $flatten\bridge1.\fifo_master1.\master1.\apb_slave_timer1.\timer_peri.\decoder_logic1.\square_time.$0\state[1:0] [0].
  Removing unused output signal $flatten\bridge1.\fifo_master1.\master1.\apb_slave_timer1.\timer_peri.\decoder_logic1.\square_time.$0\state[1:0] [1].
Optimizing FSM `$fsm$\bridge1.fifo_master1.master1.apb_slave_uart1.uart_soc1.uart_rx1.state$1590' from module `\top'.
  Removing unused output signal $flatten\bridge1.\fifo_master1.\master1.\apb_slave_uart1.\uart_soc1.\uart_rx1.$0\state[1:0] [0].
  Removing unused output signal $flatten\bridge1.\fifo_master1.\master1.\apb_slave_uart1.\uart_soc1.\uart_rx1.$0\state[1:0] [1].
Optimizing FSM `$fsm$\bridge1.fifo_master1.master1.master_apb.psel$1595' from module `\top'.
  Removing unused output signal $flatten\bridge1.\fifo_master1.\master1.\master_apb.$0\psel[1:0] [0].
  Removing unused output signal $flatten\bridge1.\fifo_master1.\master1.\master_apb.$0\psel[1:0] [1].
Optimizing FSM `$fsm$\bridge1.fifo_master1.master1.master_apb.state$1600' from module `\top'.
  Removing unused output signal $flatten\bridge1.\fifo_master1.\master1.\master_apb.$0\state[1:0] [0].
  Removing unused output signal $flatten\bridge1.\fifo_master1.\master1.\master_apb.$0\state[1:0] [1].

80.6. Executing FSM_RECODE pass (re-assigning FSM state encoding).
Recoding FSM `$fsm$\bridge1.fifo_master1.master1.apb_slave_timer1.timer_peri.control_logic1.control_word$1577' from module `\top' using `auto' encoding:
  mapping auto encoding to `one-hot` for this FSM.
  000000 -> ------1
  100000 -> -----1-
  010000 -> ----1--
  001000 -> ---1---
  000100 -> --1----
  000010 -> -1-----
  000001 -> 1------
Recoding FSM `$fsm$\bridge1.fifo_master1.master1.apb_slave_timer1.timer_peri.decoder_logic1.normal_time.state$1581' from module `\top' using `auto' encoding:
  mapping auto encoding to `one-hot` for this FSM.
  00 -> --1
  10 -> -1-
  01 -> 1--
Recoding FSM `$fsm$\bridge1.fifo_master1.master1.apb_slave_timer1.timer_peri.decoder_logic1.square_time.state$1586' from module `\top' using `auto' encoding:
  mapping auto encoding to `one-hot` for this FSM.
  00 -> -1
  01 -> 1-
Recoding FSM `$fsm$\bridge1.fifo_master1.master1.apb_slave_uart1.uart_soc1.uart_rx1.state$1590' from module `\top' using `auto' encoding:
  mapping auto encoding to `one-hot` for this FSM.
  00 -> --1
  10 -> -1-
  01 -> 1--
Recoding FSM `$fsm$\bridge1.fifo_master1.master1.master_apb.psel$1595' from module `\top' using `auto' encoding:
  mapping auto encoding to `one-hot` for this FSM.
  00 -> ---1
  10 -> --1-
  01 -> -1--
  11 -> 1---
Recoding FSM `$fsm$\bridge1.fifo_master1.master1.master_apb.state$1600' from module `\top' using `auto' encoding:
  mapping auto encoding to `one-hot` for this FSM.
  00 -> --1
  10 -> -1-
  01 -> 1--

80.7. Executing FSM_INFO pass (dumping all available information on FSM cells).

FSM `$fsm$\bridge1.fifo_master1.master1.apb_slave_timer1.timer_peri.control_logic1.control_word$1577' from module `top':
-------------------------------------

  Information on FSM $fsm$\bridge1.fifo_master1.master1.apb_slave_timer1.timer_peri.control_logic1.control_word$1577 (\bridge1.fifo_master1.master1.apb_slave_timer1.timer_peri.control_logic1.control_word):

  Number of input signals:    6
  Number of output signals:   2
  Number of state bits:       7

  Input signals:
    0: \rst
    1: \bridge1.fifo_master1.master1.apb_slave_timer1.p_data [26]
    2: \bridge1.fifo_master1.master1.apb_slave_timer1.pwrite_en
    3: $flatten\bridge1.\fifo_master1.\master1.\apb_slave_timer1.\timer_peri.\control_logic1.$procmux$934_CMP
    4: $flatten\bridge1.\fifo_master1.\master1.\apb_slave_timer1.\timer_peri.\control_logic1.$procmux$938_CMP
    5: $flatten\bridge1.\fifo_master1.\master1.\apb_slave_timer1.\timer_peri.\control_logic1.$procmux$942_CMP

  Output signals:
    0: $flatten\bridge1.\fifo_master1.\master1.\apb_slave_timer1.\timer_peri.\decoder_logic1.$procmux$980_CMP
    1: $flatten\bridge1.\fifo_master1.\master1.\apb_slave_timer1.\timer_peri.\decoder_logic1.$procmux$983_CMP

  State encoding:
    0:  7'------1
    1:  7'-----1-
    2:  7'----1--
    3:  7'---1---
    4:  7'--1----
    5:  7'-1-----
    6:  7'1------

  Transition Table (state_in, ctrl_in, state_out, ctrl_out):
      0:     0 6'---0--   ->     0 2'00
      1:     0 6'0001--   ->     0 2'00
      2:     0 6'--110-   ->     1 2'00
      3:     0 6'--111-   ->     2 2'00
      4:     0 6'-1-10-   ->     3 2'00
      5:     0 6'-1-11-   ->     4 2'00
      6:     0 6'1--10-   ->     5 2'00
      7:     0 6'1--11-   ->     6 2'00
      8:     1 6'---0-1   ->     0 2'00
      9:     1 6'0001--   ->     0 2'00
     10:     1 6'---0-0   ->     1 2'00
     11:     1 6'--110-   ->     1 2'00
     12:     1 6'--111-   ->     2 2'00
     13:     1 6'-1-10-   ->     3 2'00
     14:     1 6'-1-11-   ->     4 2'00
     15:     1 6'1--10-   ->     5 2'00
     16:     1 6'1--11-   ->     6 2'00
     17:     2 6'---0-1   ->     0 2'10
     18:     2 6'0001--   ->     0 2'10
     19:     2 6'--110-   ->     1 2'10
     20:     2 6'---0-0   ->     2 2'10
     21:     2 6'--111-   ->     2 2'10
     22:     2 6'-1-10-   ->     3 2'10
     23:     2 6'-1-11-   ->     4 2'10
     24:     2 6'1--10-   ->     5 2'10
     25:     2 6'1--11-   ->     6 2'10
     26:     3 6'---0-1   ->     0 2'00
     27:     3 6'0001--   ->     0 2'00
     28:     3 6'--110-   ->     1 2'00
     29:     3 6'--111-   ->     2 2'00
     30:     3 6'---0-0   ->     3 2'00
     31:     3 6'-1-10-   ->     3 2'00
     32:     3 6'-1-11-   ->     4 2'00
     33:     3 6'1--10-   ->     5 2'00
     34:     3 6'1--11-   ->     6 2'00
     35:     4 6'---0-1   ->     0 2'00
     36:     4 6'0001--   ->     0 2'00
     37:     4 6'--110-   ->     1 2'00
     38:     4 6'--111-   ->     2 2'00
     39:     4 6'-1-10-   ->     3 2'00
     40:     4 6'---0-0   ->     4 2'00
     41:     4 6'-1-11-   ->     4 2'00
     42:     4 6'1--10-   ->     5 2'00
     43:     4 6'1--11-   ->     6 2'00
     44:     5 6'---0-1   ->     0 2'00
     45:     5 6'0001--   ->     0 2'00
     46:     5 6'--110-   ->     1 2'00
     47:     5 6'--111-   ->     2 2'00
     48:     5 6'-1-10-   ->     3 2'00
     49:     5 6'-1-11-   ->     4 2'00
     50:     5 6'---0-0   ->     5 2'00
     51:     5 6'1--10-   ->     5 2'00
     52:     5 6'1--11-   ->     6 2'00
     53:     6 6'---0-1   ->     0 2'01
     54:     6 6'0001--   ->     0 2'01
     55:     6 6'--110-   ->     1 2'01
     56:     6 6'--111-   ->     2 2'01
     57:     6 6'-1-10-   ->     3 2'01
     58:     6 6'-1-11-   ->     4 2'01
     59:     6 6'1--10-   ->     5 2'01
     60:     6 6'---0-0   ->     6 2'01
     61:     6 6'1--11-   ->     6 2'01

-------------------------------------

FSM `$fsm$\bridge1.fifo_master1.master1.apb_slave_timer1.timer_peri.decoder_logic1.normal_time.state$1581' from module `top':
-------------------------------------

  Information on FSM $fsm$\bridge1.fifo_master1.master1.apb_slave_timer1.timer_peri.decoder_logic1.normal_time.state$1581 (\bridge1.fifo_master1.master1.apb_slave_timer1.timer_peri.decoder_logic1.normal_time.state):

  Number of input signals:    5
  Number of output signals:   3
  Number of state bits:       3

  Input signals:
    0: \rst
    1: $flatten\bridge1.\fifo_master1.\master1.\apb_slave_timer1.\timer_peri.\decoder_logic1.\normal_time.$eq$/home/vboxuser/Desktop/openlane/testing/normal.sv:104$387_Y
    2: $flatten\bridge1.\fifo_master1.\master1.\apb_slave_timer1.\timer_peri.\decoder_logic1.\normal_time.$eq$/home/vboxuser/Desktop/openlane/testing/normal.sv:88$385_Y
    3: $flatten\bridge1.\fifo_master1.\master1.\apb_slave_timer1.\timer_peri.\decoder_logic1.\normal_time.$eq$/home/vboxuser/Desktop/openlane/testing/normal.sv:83$384_Y
    4: $flatten\bridge1.\fifo_master1.\master1.\apb_slave_timer1.\timer_peri.\decoder_logic1.\normal_time.$ne$/home/vboxuser/Desktop/openlane/testing/normal.sv:70$383_Y

  Output signals:
    0: $flatten\bridge1.\fifo_master1.\master1.\apb_slave_timer1.\timer_peri.\decoder_logic1.\normal_time.$procmux$1415_CMP
    1: $flatten\bridge1.\fifo_master1.\master1.\apb_slave_timer1.\timer_peri.\decoder_logic1.\normal_time.$procmux$1395_CMP
    2: $flatten\bridge1.\fifo_master1.\master1.\apb_slave_timer1.\timer_peri.\decoder_logic1.\normal_time.$procmux$1392_CMP

  State encoding:
    0:      3'--1  <RESET STATE>
    1:      3'-1-
    2:      3'1--

  Transition Table (state_in, ctrl_in, state_out, ctrl_out):
      0:     0 5'0---0   ->     0 3'010
      1:     0 5'----1   ->     0 3'010
      2:     0 5'1---0   ->     2 3'010
      3:     1 5'---10   ->     0 3'100
      4:     1 5'----1   ->     0 3'100
      5:     1 5'---00   ->     1 3'100
      6:     2 5'-11-0   ->     0 3'001
      7:     2 5'----1   ->     0 3'001
      8:     2 5'-10-0   ->     1 3'001
      9:     2 5'-0--0   ->     2 3'001

-------------------------------------

FSM `$fsm$\bridge1.fifo_master1.master1.apb_slave_timer1.timer_peri.decoder_logic1.square_time.state$1586' from module `top':
-------------------------------------

  Information on FSM $fsm$\bridge1.fifo_master1.master1.apb_slave_timer1.timer_peri.decoder_logic1.square_time.state$1586 (\bridge1.fifo_master1.master1.apb_slave_timer1.timer_peri.decoder_logic1.square_time.state):

  Number of input signals:    3
  Number of output signals:   2
  Number of state bits:       2

  Input signals:
    0: \rst
    1: \bridge1.fifo_master1.master1.apb_slave_timer1.timer_peri.decoder_logic1.square_time.running
    2: \bridge1.fifo_master1.master1.apb_slave_timer1.timer_peri.decoder_logic1.square_time.write_pending

  Output signals:
    0: $flatten\bridge1.\fifo_master1.\master1.\apb_slave_timer1.\timer_peri.\decoder_logic1.\square_time.$procmux$413_CMP
    1: $flatten\bridge1.\fifo_master1.\master1.\apb_slave_timer1.\timer_peri.\decoder_logic1.\square_time.$procmux$410_CMP

  State encoding:
    0:       2'-1  <RESET STATE>
    1:       2'1-

  Transition Table (state_in, ctrl_in, state_out, ctrl_out):
      0:     0 3'0-0   ->     0 2'01
      1:     0 3'--1   ->     0 2'01
      2:     0 3'1-0   ->     1 2'01
      3:     1 3'-00   ->     0 2'10
      4:     1 3'--1   ->     0 2'10
      5:     1 3'-10   ->     1 2'10

-------------------------------------

FSM `$fsm$\bridge1.fifo_master1.master1.apb_slave_uart1.uart_soc1.uart_rx1.state$1590' from module `top':
-------------------------------------

  Information on FSM $fsm$\bridge1.fifo_master1.master1.apb_slave_uart1.uart_soc1.uart_rx1.state$1590 (\bridge1.fifo_master1.master1.apb_slave_uart1.uart_soc1.uart_rx1.state):

  Number of input signals:    7
  Number of output signals:   3
  Number of state bits:       3

  Input signals:
    0: \rst
    1: \bridge1.fifo_master1.master1.apb_slave_uart1.uart_soc1.deserializer1.rdy_clear
    2: $flatten\bridge1.\fifo_master1.\master1.\apb_slave_uart1.\uart_soc1.\uart_rx1.$eq$/home/vboxuser/Desktop/openlane/testing/uart_rx.sv:56$339_Y
    3: $flatten\bridge1.\fifo_master1.\master1.\apb_slave_uart1.\uart_soc1.\uart_rx1.$eq$/home/vboxuser/Desktop/openlane/testing/uart_rx.sv:70$342_Y
    4: $flatten\bridge1.\fifo_master1.\master1.\apb_slave_uart1.\uart_soc1.\uart_rx1.$eq$/home/vboxuser/Desktop/openlane/testing/uart_rx.sv:73$352_Y
    5: \bridge1.fifo_master1.master1.apb_slave_uart1.uart_soc1.uart_tx1.tx
    6: \bridge1.fifo_master1.master1.apb_slave_uart1.uart_soc1.baud_rate1.rx_en

  Output signals:
    0: $flatten\bridge1.\fifo_master1.\master1.\apb_slave_uart1.\uart_soc1.\uart_rx1.$procmux$622_CMP
    1: $flatten\bridge1.\fifo_master1.\master1.\apb_slave_uart1.\uart_soc1.\uart_rx1.$procmux$658_CMP
    2: $flatten\bridge1.\fifo_master1.\master1.\apb_slave_uart1.\uart_soc1.\uart_rx1.$procmux$753_CMP

  State encoding:
    0:      3'--1  <RESET STATE>
    1:      3'-1-
    2:      3'1--

  Transition Table (state_in, ctrl_in, state_out, ctrl_out):
      0:     0 7'10--000   ->     0 3'010
      1:     0 7'11---00   ->     0 3'010
      2:     0 7'0----00   ->     0 3'010
      3:     0 7'-----10   ->     0 3'010
      4:     0 7'------1   ->     0 3'010
      5:     0 7'10--100   ->     2 3'010
      6:     1 7'1--1-00   ->     0 3'100
      7:     1 7'------1   ->     0 3'100
      8:     1 7'1--0-00   ->     1 3'100
      9:     1 7'0----00   ->     1 3'100
     10:     1 7'-----10   ->     1 3'100
     11:     2 7'------1   ->     0 3'001
     12:     2 7'1-11-00   ->     1 3'001
     13:     2 7'1--0-00   ->     2 3'001
     14:     2 7'1-01-00   ->     2 3'001
     15:     2 7'0----00   ->     2 3'001
     16:     2 7'-----10   ->     2 3'001

-------------------------------------

FSM `$fsm$\bridge1.fifo_master1.master1.master_apb.psel$1595' from module `top':
-------------------------------------

  Information on FSM $fsm$\bridge1.fifo_master1.master1.master_apb.psel$1595 (\bridge1.fifo_master1.master1.master_apb.psel):

  Number of input signals:    8
  Number of output signals:   3
  Number of state bits:       4

  Input signals:
    0: \rst
    1: \bridge1.fifo_master1.fifo1.empty
    2: \bridge1.fifo_master1.master1.master_apb.pready
    3: $flatten\bridge1.\fifo_master1.\master1.\master_apb.$logic_and$/home/vboxuser/Desktop/openlane/testing/apb_master.sv:69$294_Y
    4: $flatten\bridge1.\fifo_master1.\master1.\master_apb.$logic_and$/home/vboxuser/Desktop/openlane/testing/apb_master.sv:74$297_Y
    5: $flatten\bridge1.\fifo_master1.\master1.\master_apb.$logic_and$/home/vboxuser/Desktop/openlane/testing/apb_master.sv:79$300_Y
    6: $flatten\bridge1.\fifo_master1.\master1.\master_apb.$procmux$1003_CMP
    7: $flatten\bridge1.\fifo_master1.\master1.\master_apb.$procmux$1017_CMP

  Output signals:
    0: $flatten\bridge1.\fifo_master1.\master1.$procmux$1341_CMP
    1: $flatten\bridge1.\fifo_master1.\master1.$procmux$1340_CMP
    2: $flatten\bridge1.\fifo_master1.\master1.$procmux$1339_CMP

  State encoding:
    0:     4'---1  <RESET STATE>
    1:     4'--1-
    2:     4'-1--
    3:     4'1---

  Transition Table (state_in, ctrl_in, state_out, ctrl_out):
      0:     0 8'1-000-00   ->     0 3'000
      1:     0 8'1-----10   ->     0 3'000
      2:     0 8'00-----0   ->     0 3'000
      3:     0 8'-1-----0   ->     0 3'000
      4:     0 8'-------1   ->     0 3'000
      5:     0 8'1--10-00   ->     1 3'000
      6:     0 8'1---1-00   ->     2 3'000
      7:     0 8'1-100-00   ->     3 3'000
      8:     1 8'1-000-00   ->     0 3'010
      9:     1 8'1-----10   ->     0 3'010
     10:     1 8'-1-----0   ->     0 3'010
     11:     1 8'-------1   ->     0 3'010
     12:     1 8'1--10-00   ->     1 3'010
     13:     1 8'00-----0   ->     1 3'010
     14:     1 8'1---1-00   ->     2 3'010
     15:     1 8'1-100-00   ->     3 3'010
     16:     2 8'1-000-00   ->     0 3'001
     17:     2 8'1-----10   ->     0 3'001
     18:     2 8'-1---1-0   ->     0 3'001
     19:     2 8'-------1   ->     0 3'001
     20:     2 8'1--10-00   ->     1 3'001
     21:     2 8'1---1-00   ->     2 3'001
     22:     2 8'-1---0-0   ->     2 3'001
     23:     2 8'00-----0   ->     2 3'001
     24:     2 8'1-100-00   ->     3 3'001
     25:     3 8'1-000-00   ->     0 3'100
     26:     3 8'1-----10   ->     0 3'100
     27:     3 8'-1-----0   ->     0 3'100
     28:     3 8'-------1   ->     0 3'100
     29:     3 8'1--10-00   ->     1 3'100
     30:     3 8'1---1-00   ->     2 3'100
     31:     3 8'1-100-00   ->     3 3'100
     32:     3 8'00-----0   ->     3 3'100

-------------------------------------

FSM `$fsm$\bridge1.fifo_master1.master1.master_apb.state$1600' from module `top':
-------------------------------------

  Information on FSM $fsm$\bridge1.fifo_master1.master1.master_apb.state$1600 (\bridge1.fifo_master1.master1.master_apb.state):

  Number of input signals:    6
  Number of output signals:   3
  Number of state bits:       3

  Input signals:
    0: \rst
    1: \bridge1.fifo_master1.fifo1.empty
    2: \bridge1.fifo_master1.master1.master_apb.pready
    3: $flatten\bridge1.\fifo_master1.\master1.\master_apb.$logic_and$/home/vboxuser/Desktop/openlane/testing/apb_master.sv:69$294_Y
    4: $flatten\bridge1.\fifo_master1.\master1.\master_apb.$logic_and$/home/vboxuser/Desktop/openlane/testing/apb_master.sv:74$297_Y
    5: $flatten\bridge1.\fifo_master1.\master1.\master_apb.$logic_and$/home/vboxuser/Desktop/openlane/testing/apb_master.sv:79$300_Y

  Output signals:
    0: $flatten\bridge1.\fifo_master1.\master1.\master_apb.$procmux$1003_CMP
    1: $flatten\bridge1.\fifo_master1.\master1.\master_apb.$procmux$1004_CMP
    2: $flatten\bridge1.\fifo_master1.\master1.\master_apb.$procmux$1017_CMP

  State encoding:
    0:      3'--1  <RESET STATE>
    1:      3'-1-
    2:      3'1--

  Transition Table (state_in, ctrl_in, state_out, ctrl_out):
      0:     0 6'000-00   ->     0 3'100
      1:     0 6'----10   ->     0 3'100
      2:     0 6'-----1   ->     0 3'100
      3:     0 6'100-00   ->     2 3'100
      4:     0 6'-10-00   ->     2 3'100
      5:     0 6'--1-00   ->     2 3'100
      6:     1 6'---1-0   ->     0 3'001
      7:     1 6'-----1   ->     0 3'001
      8:     1 6'---0-0   ->     1 3'001
      9:     2 6'-----1   ->     0 3'010
     10:     2 6'-----0   ->     1 3'010

-------------------------------------

80.8. Executing FSM_MAP pass (mapping FSMs to basic logic).
Mapping FSM `$fsm$\bridge1.fifo_master1.master1.apb_slave_timer1.timer_peri.control_logic1.control_word$1577' from module `\top'.
Mapping FSM `$fsm$\bridge1.fifo_master1.master1.apb_slave_timer1.timer_peri.decoder_logic1.normal_time.state$1581' from module `\top'.
Mapping FSM `$fsm$\bridge1.fifo_master1.master1.apb_slave_timer1.timer_peri.decoder_logic1.square_time.state$1586' from module `\top'.
Mapping FSM `$fsm$\bridge1.fifo_master1.master1.apb_slave_uart1.uart_soc1.uart_rx1.state$1590' from module `\top'.
Mapping FSM `$fsm$\bridge1.fifo_master1.master1.master_apb.psel$1595' from module `\top'.
Mapping FSM `$fsm$\bridge1.fifo_master1.master1.master_apb.state$1600' from module `\top'.

81. Executing OPT_EXPR pass (perform const folding).
Optimizing module top.
<suppressed ~27 debug messages>

82. Executing OPT_MERGE pass (detect identical cells).
Finding identical cells in module `\top'.
<suppressed ~39 debug messages>
Removed a total of 13 cells.

83. Executing OPT_MUXTREE pass (detect dead branches in mux trees).
Running muxtree optimizer on module \top..
  Creating internal representation of mux trees.
  Evaluating internal representation of mux trees.
  Analyzing evaluation results.
Removed 0 multiplexer ports.
<suppressed ~85 debug messages>

84. Executing OPT_REDUCE pass (consolidate $*mux and $reduce_* inputs).
  Optimizing cells in module \top.
Performed a total of 0 changes.

85. Executing OPT_MERGE pass (detect identical cells).
Finding identical cells in module `\top'.
Removed a total of 0 cells.

86. Executing OPT_DFF pass (perform DFF optimizations).
Adding SRST signal on $flatten\core1.\data.\d_ff1.$procdff$1511 ($dff) from module top (D = \core1.data.d_ff1.d, Q = \core1.data.d_ff1.out, rval = 0).
Adding SRST signal on $flatten\bridge1.\fifo_master1.\master1.\master_apb.$procdff$1499 ($dff) from module top (D = $flatten\bridge1.\fifo_master1.\master1.\master_apb.$procmux$1025_Y, Q = \bridge1.fifo_master1.master1.master_apb.penable, rval = 1'0).
Adding EN signal on $auto$ff.cc:266:slice$1876 ($sdff) from module top (D = $flatten\bridge1.\fifo_master1.\master1.\master_apb.$procmux$1025_Y, Q = \bridge1.fifo_master1.master1.master_apb.penable).
Adding SRST signal on $flatten\bridge1.\fifo_master1.\master1.\master_apb.$procdff$1498 ($dff) from module top (D = $flatten\bridge1.\fifo_master1.\master1.\master_apb.$procmux$1038_Y, Q = \bridge1.fifo_master1.master1.master_apb.pwdata, rval = 0).
Adding EN signal on $auto$ff.cc:266:slice$1884 ($sdff) from module top (D = \bridge1.fifo_master1.master1.master_apb.fifo_data [31:0], Q = \bridge1.fifo_master1.master1.master_apb.pwdata).
Adding SRST signal on $flatten\bridge1.\fifo_master1.\master1.\master_apb.$procdff$1497 ($dff) from module top (D = $flatten\bridge1.\fifo_master1.\master1.\master_apb.$procmux$1047_Y, Q = \bridge1.fifo_master1.master1.master_apb.pwrite, rval = 1'0).
Adding EN signal on $auto$ff.cc:266:slice$1890 ($sdff) from module top (D = $flatten\bridge1.\fifo_master1.\master1.\master_apb.$procmux$1047_Y, Q = \bridge1.fifo_master1.master1.master_apb.pwrite).
Adding SRST signal on $flatten\bridge1.\fifo_master1.\master1.\master_apb.$procdff$1496 ($dff) from module top (D = $flatten\bridge1.\fifo_master1.\master1.\master_apb.$procmux$1069_Y, Q = \bridge1.fifo_master1.master1.master_apb.trans, rval = 1'0).
Adding EN signal on $auto$ff.cc:266:slice$1898 ($sdff) from module top (D = $flatten\bridge1.\fifo_master1.\master1.\master_apb.$procmux$1069_Y, Q = \bridge1.fifo_master1.master1.master_apb.trans).
Adding SRST signal on $flatten\bridge1.\fifo_master1.\master1.\master_apb.$procdff$1494 ($dff) from module top (D = $flatten\bridge1.\fifo_master1.\master1.\master_apb.$procmux$1110_Y, Q = \bridge1.fifo_master1.master1.master_apb.r_en, rval = 1'0).
Adding EN signal on $auto$ff.cc:266:slice$1906 ($sdff) from module top (D = $flatten\bridge1.\fifo_master1.\master1.\master_apb.$procmux$1110_Y, Q = \bridge1.fifo_master1.master1.master_apb.r_en).
Adding SRST signal on $flatten\bridge1.\fifo_master1.\master1.\apb_slave_uart1.\uart_soc1.\uart_tx1.$procdff$1474 ($dff) from module top (D = $flatten\bridge1.\fifo_master1.\master1.\apb_slave_uart1.\uart_soc1.\uart_tx1.$procmux$564_Y, Q = \bridge1.fifo_master1.master1.apb_slave_uart1.uart_soc1.uart_tx1.index, rval = 3'000).
Adding EN signal on $auto$ff.cc:266:slice$1910 ($sdff) from module top (D = $flatten\bridge1.\fifo_master1.\master1.\apb_slave_uart1.\uart_soc1.\uart_tx1.$procmux$564_Y, Q = \bridge1.fifo_master1.master1.apb_slave_uart1.uart_soc1.uart_tx1.index).
Adding SRST signal on $flatten\bridge1.\fifo_master1.\master1.\apb_slave_uart1.\uart_soc1.\uart_tx1.$procdff$1473 ($dff) from module top (D = $flatten\bridge1.\fifo_master1.\master1.\apb_slave_uart1.\uart_soc1.\uart_tx1.$procmux$574_Y, Q = \bridge1.fifo_master1.master1.apb_slave_uart1.uart_soc1.uart_tx1.tx, rval = 1'1).
Adding EN signal on $auto$ff.cc:266:slice$1922 ($sdff) from module top (D = $flatten\bridge1.\fifo_master1.\master1.\apb_slave_uart1.\uart_soc1.\uart_tx1.$procmux$574_Y, Q = \bridge1.fifo_master1.master1.apb_slave_uart1.uart_soc1.uart_tx1.tx).
Adding SRST signal on $flatten\bridge1.\fifo_master1.\master1.\apb_slave_uart1.\uart_soc1.\uart_tx1.$procdff$1472 ($dff) from module top (D = $flatten\bridge1.\fifo_master1.\master1.\apb_slave_uart1.\uart_soc1.\uart_tx1.$procmux$588_Y, Q = \bridge1.fifo_master1.master1.apb_slave_uart1.uart_soc1.uart_tx1.state, rval = 2'00).
Adding EN signal on $auto$ff.cc:266:slice$1934 ($sdff) from module top (D = $flatten\bridge1.\fifo_master1.\master1.\apb_slave_uart1.\uart_soc1.\uart_tx1.$procmux$588_Y, Q = \bridge1.fifo_master1.master1.apb_slave_uart1.uart_soc1.uart_tx1.state).
Adding SRST signal on $flatten\bridge1.\fifo_master1.\master1.\apb_slave_uart1.\uart_soc1.\uart_tx1.$procdff$1471 ($dff) from module top (D = $flatten\bridge1.\fifo_master1.\master1.\apb_slave_uart1.\uart_soc1.\uart_tx1.$procmux$610_Y, Q = \bridge1.fifo_master1.master1.apb_slave_uart1.uart_soc1.uart_tx1.data, rval = 8'00000000).
Adding EN signal on $auto$ff.cc:266:slice$1950 ($sdff) from module top (D = \bridge1.fifo_master1.master1.apb_slave_uart1.uart_soc1.serializer1.data_out, Q = \bridge1.fifo_master1.master1.apb_slave_uart1.uart_soc1.uart_tx1.data).
Adding SRST signal on $flatten\bridge1.\fifo_master1.\master1.\apb_slave_uart1.\uart_soc1.\uart_rx1.$procdff$1480 ($dff) from module top (D = $flatten\bridge1.\fifo_master1.\master1.\apb_slave_uart1.\uart_soc1.\uart_rx1.$procmux$768_Y, Q = \bridge1.fifo_master1.master1.apb_slave_uart1.uart_soc1.uart_rx1.sample, rval = 4'0000).
Adding EN signal on $auto$ff.cc:266:slice$1954 ($sdff) from module top (D = $flatten\bridge1.\fifo_master1.\master1.\apb_slave_uart1.\uart_soc1.\uart_rx1.$procmux$752_Y, Q = \bridge1.fifo_master1.master1.apb_slave_uart1.uart_soc1.uart_rx1.sample).
Adding SRST signal on $flatten\bridge1.\fifo_master1.\master1.\apb_slave_uart1.\uart_soc1.\uart_rx1.$procdff$1479 ($dff) from module top (D = $flatten\bridge1.\fifo_master1.\master1.\apb_slave_uart1.\uart_soc1.\uart_rx1.$2$lookahead\temp$325[7:0]$332, Q = \bridge1.fifo_master1.master1.apb_slave_uart1.uart_soc1.uart_rx1.temp, rval = 8'00000000).
Adding EN signal on $auto$ff.cc:266:slice$1962 ($sdff) from module top (D = $flatten\bridge1.\fifo_master1.\master1.\apb_slave_uart1.\uart_soc1.\uart_rx1.$4$lookahead\temp$325[7:0]$336, Q = \bridge1.fifo_master1.master1.apb_slave_uart1.uart_soc1.uart_rx1.temp).
Adding SRST signal on $flatten\bridge1.\fifo_master1.\master1.\apb_slave_uart1.\uart_soc1.\uart_rx1.$procdff$1478 ($dff) from module top (D = $flatten\bridge1.\fifo_master1.\master1.\apb_slave_uart1.\uart_soc1.\uart_rx1.$procmux$794_Y, Q = \bridge1.fifo_master1.master1.apb_slave_uart1.uart_soc1.uart_rx1.index, rval = 3'000).
Adding EN signal on $auto$ff.cc:266:slice$1976 ($sdff) from module top (D = $flatten\bridge1.\fifo_master1.\master1.\apb_slave_uart1.\uart_soc1.\uart_rx1.$procmux$782_Y, Q = \bridge1.fifo_master1.master1.apb_slave_uart1.uart_soc1.uart_rx1.index).
Adding SRST signal on $flatten\bridge1.\fifo_master1.\master1.\apb_slave_uart1.\uart_soc1.\uart_rx1.$procdff$1477 ($dff) from module top (D = $flatten\bridge1.\fifo_master1.\master1.\apb_slave_uart1.\uart_soc1.\uart_rx1.$procmux$808_Y, Q = \bridge1.fifo_master1.master1.apb_slave_uart1.uart_soc1.uart_rx1.rdy, rval = 1'0).
Adding EN signal on $auto$ff.cc:266:slice$1990 ($sdff) from module top (D = 1'1, Q = \bridge1.fifo_master1.master1.apb_slave_uart1.uart_soc1.uart_rx1.rdy).
Adding SRST signal on $flatten\bridge1.\fifo_master1.\master1.\apb_slave_uart1.\uart_soc1.\uart_rx1.$procdff$1475 ($dff) from module top (D = $flatten\bridge1.\fifo_master1.\master1.\apb_slave_uart1.\uart_soc1.\uart_rx1.$procmux$857_Y, Q = \bridge1.fifo_master1.master1.apb_slave_uart1.uart_soc1.uart_rx1.data_out, rval = 8'00000000).
Adding EN signal on $auto$ff.cc:266:slice$1996 ($sdff) from module top (D = \bridge1.fifo_master1.master1.apb_slave_uart1.uart_soc1.uart_rx1.temp, Q = \bridge1.fifo_master1.master1.apb_slave_uart1.uart_soc1.uart_rx1.data_out).
Adding SRST signal on $flatten\bridge1.\fifo_master1.\master1.\apb_slave_uart1.\uart_soc1.\serializer1.$procdff$1470 ($dff) from module top (D = $flatten\bridge1.\fifo_master1.\master1.\apb_slave_uart1.\uart_soc1.\serializer1.$procmux$496_Y, Q = \bridge1.fifo_master1.master1.apb_slave_uart1.uart_soc1.serializer1.waiting_for_busy, rval = 1'0).
Adding EN signal on $auto$ff.cc:266:slice$2002 ($sdff) from module top (D = $flatten\bridge1.\fifo_master1.\master1.\apb_slave_uart1.\uart_soc1.\serializer1.$procmux$494_Y, Q = \bridge1.fifo_master1.master1.apb_slave_uart1.uart_soc1.serializer1.waiting_for_busy).
Adding SRST signal on $flatten\bridge1.\fifo_master1.\master1.\apb_slave_uart1.\uart_soc1.\serializer1.$procdff$1469 ($dff) from module top (D = $flatten\bridge1.\fifo_master1.\master1.\apb_slave_uart1.\uart_soc1.\serializer1.$procmux$505_Y, Q = \bridge1.fifo_master1.master1.apb_slave_uart1.uart_soc1.serializer1.mem, rval = 0).
Adding EN signal on $auto$ff.cc:266:slice$2010 ($sdff) from module top (D = \bridge1.fifo_master1.master1.apb_slave_uart1.p_data, Q = \bridge1.fifo_master1.master1.apb_slave_uart1.uart_soc1.serializer1.mem).
Adding SRST signal on $flatten\bridge1.\fifo_master1.\master1.\apb_slave_uart1.\uart_soc1.\serializer1.$procdff$1468 ($dff) from module top (D = $flatten\bridge1.\fifo_master1.\master1.\apb_slave_uart1.\uart_soc1.\serializer1.$procmux$518_Y, Q = \bridge1.fifo_master1.master1.apb_slave_uart1.uart_soc1.serializer1.counter, rval = 2'00).
Adding EN signal on $auto$ff.cc:266:slice$2012 ($sdff) from module top (D = $flatten\bridge1.\fifo_master1.\master1.\apb_slave_uart1.\uart_soc1.\serializer1.$procmux$511_Y, Q = \bridge1.fifo_master1.master1.apb_slave_uart1.uart_soc1.serializer1.counter).
Adding SRST signal on $flatten\bridge1.\fifo_master1.\master1.\apb_slave_uart1.\uart_soc1.\serializer1.$procdff$1467 ($dff) from module top (D = $flatten\bridge1.\fifo_master1.\master1.\apb_slave_uart1.\uart_soc1.\serializer1.$procmux$481_Y, Q = \bridge1.fifo_master1.master1.apb_slave_uart1.uart_soc1.serializer1.master_write, rval = 1'0).
Adding SRST signal on $flatten\bridge1.\fifo_master1.\master1.\apb_slave_uart1.\uart_soc1.\serializer1.$procdff$1466 ($dff) from module top (D = $flatten\bridge1.\fifo_master1.\master1.\apb_slave_uart1.\uart_soc1.\serializer1.$procmux$537_Y, Q = \bridge1.fifo_master1.master1.apb_slave_uart1.uart_soc1.serializer1.master_busy, rval = 1'0).
Adding SRST signal on $flatten\bridge1.\fifo_master1.\master1.\apb_slave_uart1.\uart_soc1.\serializer1.$procdff$1465 ($dff) from module top (D = $flatten\bridge1.\fifo_master1.\master1.\apb_slave_uart1.\uart_soc1.\serializer1.$procmux$553_Y, Q = \bridge1.fifo_master1.master1.apb_slave_uart1.uart_soc1.serializer1.data_out, rval = 8'00000000).
Adding EN signal on $auto$ff.cc:266:slice$2026 ($sdff) from module top (D = $flatten\bridge1.\fifo_master1.\master1.\apb_slave_uart1.\uart_soc1.\serializer1.$procmux$543_Y, Q = \bridge1.fifo_master1.master1.apb_slave_uart1.uart_soc1.serializer1.data_out).
Adding SRST signal on $flatten\bridge1.\fifo_master1.\master1.\apb_slave_uart1.\uart_soc1.\deserializer1.$procdff$1488 ($dff) from module top (D = \bridge1.fifo_master1.master1.apb_slave_uart1.uart_soc1.uart_rx1.rdy, Q = \bridge1.fifo_master1.master1.apb_slave_uart1.uart_soc1.deserializer1.ready_d, rval = 1'0).
Adding SRST signal on $flatten\bridge1.\fifo_master1.\master1.\apb_slave_uart1.\uart_soc1.\deserializer1.$procdff$1487 ($dff) from module top (D = { $flatten\bridge1.\fifo_master1.\master1.\apb_slave_uart1.\uart_soc1.\deserializer1.$procmux$891_Y $flatten\bridge1.\fifo_master1.\master1.\apb_slave_uart1.\uart_soc1.\deserializer1.$procmux$881_Y $flatten\bridge1.\fifo_master1.\master1.\apb_slave_uart1.\uart_soc1.\deserializer1.$procmux$865_Y $flatten\bridge1.\fifo_master1.\master1.\apb_slave_uart1.\uart_soc1.\deserializer1.$procmux$872_Y }, Q = \bridge1.fifo_master1.master1.apb_slave_uart1.uart_soc1.deserializer1.mem, rval = 0).
Adding EN signal on $auto$ff.cc:266:slice$2033 ($sdff) from module top (D = \bridge1.fifo_master1.master1.apb_slave_uart1.uart_soc1.uart_rx1.data_out, Q = \bridge1.fifo_master1.master1.apb_slave_uart1.uart_soc1.deserializer1.mem [7:0]).
Adding EN signal on $auto$ff.cc:266:slice$2033 ($sdff) from module top (D = \bridge1.fifo_master1.master1.apb_slave_uart1.uart_soc1.uart_rx1.data_out, Q = \bridge1.fifo_master1.master1.apb_slave_uart1.uart_soc1.deserializer1.mem [15:8]).
Adding EN signal on $auto$ff.cc:266:slice$2033 ($sdff) from module top (D = \bridge1.fifo_master1.master1.apb_slave_uart1.uart_soc1.uart_rx1.data_out, Q = \bridge1.fifo_master1.master1.apb_slave_uart1.uart_soc1.deserializer1.mem [23:16]).
Adding EN signal on $auto$ff.cc:266:slice$2033 ($sdff) from module top (D = \bridge1.fifo_master1.master1.apb_slave_uart1.uart_soc1.uart_rx1.data_out, Q = \bridge1.fifo_master1.master1.apb_slave_uart1.uart_soc1.deserializer1.mem [31:24]).
Adding SRST signal on $flatten\bridge1.\fifo_master1.\master1.\apb_slave_uart1.\uart_soc1.\deserializer1.$procdff$1486 ($dff) from module top (D = $flatten\bridge1.\fifo_master1.\master1.\apb_slave_uart1.\uart_soc1.\deserializer1.$procmux$911_Y, Q = \bridge1.fifo_master1.master1.apb_slave_uart1.uart_soc1.deserializer1.counter, rval = 2'00).
Adding EN signal on $auto$ff.cc:266:slice$2046 ($sdff) from module top (D = $flatten\bridge1.\fifo_master1.\master1.\apb_slave_uart1.\uart_soc1.\deserializer1.$procmux$909_Y, Q = \bridge1.fifo_master1.master1.apb_slave_uart1.uart_soc1.deserializer1.counter).
Adding SRST signal on $flatten\bridge1.\fifo_master1.\master1.\apb_slave_uart1.\uart_soc1.\deserializer1.$procdff$1485 ($dff) from module top (D = $flatten\bridge1.\fifo_master1.\master1.\apb_slave_uart1.\uart_soc1.\deserializer1.$procmux$903_Y, Q = \bridge1.fifo_master1.master1.apb_slave_uart1.uart_soc1.deserializer1.rdy_clear, rval = 1'0).
Adding SRST signal on $flatten\bridge1.\fifo_master1.\master1.\apb_slave_uart1.\uart_soc1.\deserializer1.$procdff$1484 ($dff) from module top (D = $flatten\bridge1.\fifo_master1.\master1.\apb_slave_uart1.\uart_soc1.\deserializer1.$procmux$896_Y, Q = \bridge1.fifo_master1.master1.apb_slave_uart1.uart_soc1.deserializer1.master_ready, rval = 1'0).
Adding SRST signal on $flatten\bridge1.\fifo_master1.\master1.\apb_slave_uart1.\uart_soc1.\deserializer1.$procdff$1483 ($dff) from module top (D = $flatten\bridge1.\fifo_master1.\master1.\apb_slave_uart1.\uart_soc1.\deserializer1.$procmux$918_Y, Q = \bridge1.fifo_master1.master1.apb_slave_uart1.uart_soc1.deserializer1.data_out, rval = 0).
Adding EN signal on $auto$ff.cc:266:slice$2054 ($sdff) from module top (D = { \bridge1.fifo_master1.master1.apb_slave_uart1.uart_soc1.deserializer1.mem [31:8] \bridge1.fifo_master1.master1.apb_slave_uart1.uart_soc1.uart_rx1.data_out }, Q = \bridge1.fifo_master1.master1.apb_slave_uart1.uart_soc1.deserializer1.data_out).
Adding SRST signal on $flatten\bridge1.\fifo_master1.\master1.\apb_slave_uart1.\uart_soc1.\baud_rate1.$procdff$1464 ($dff) from module top (D = $flatten\bridge1.\fifo_master1.\master1.\apb_slave_uart1.\uart_soc1.\baud_rate1.$add$/home/vboxuser/Desktop/openlane/testing/baud_rate.sv:43$372_Y, Q = \bridge1.fifo_master1.master1.apb_slave_uart1.uart_soc1.baud_rate1.transmitter, rval = 13'0000000000000).
Adding SRST signal on $flatten\bridge1.\fifo_master1.\master1.\apb_slave_uart1.\uart_soc1.\baud_rate1.$procdff$1463 ($dff) from module top (D = $flatten\bridge1.\fifo_master1.\master1.\apb_slave_uart1.\uart_soc1.\baud_rate1.$procmux$469_Y, Q = \bridge1.fifo_master1.master1.apb_slave_uart1.uart_soc1.baud_rate1.tx_en, rval = 1'0).
Adding SRST signal on $flatten\bridge1.\fifo_master1.\master1.\apb_slave_uart1.\uart_soc1.\baud_rate1.$procdff$1462 ($dff) from module top (D = $flatten\bridge1.\fifo_master1.\master1.\apb_slave_uart1.\uart_soc1.\baud_rate1.$add$/home/vboxuser/Desktop/openlane/testing/baud_rate.sv:58$375_Y, Q = \bridge1.fifo_master1.master1.apb_slave_uart1.uart_soc1.baud_rate1.receiver, rval = 9'000000000).
Adding SRST signal on $flatten\bridge1.\fifo_master1.\master1.\apb_slave_uart1.\uart_soc1.\baud_rate1.$procdff$1461 ($dff) from module top (D = $flatten\bridge1.\fifo_master1.\master1.\apb_slave_uart1.\uart_soc1.\baud_rate1.$procmux$457_Y, Q = \bridge1.fifo_master1.master1.apb_slave_uart1.uart_soc1.baud_rate1.rx_en, rval = 1'0).
Adding SRST signal on $flatten\bridge1.\fifo_master1.\master1.\apb_slave_uart1.$procdff$1504 ($dff) from module top (D = $flatten\bridge1.\fifo_master1.\master1.\apb_slave_uart1.$procmux$1134_Y, Q = \bridge1.fifo_master1.master1.apb_slave_uart1.write_pending, rval = 1'0).
Adding SRST signal on $flatten\bridge1.\fifo_master1.\master1.\apb_slave_uart1.$procdff$1503 ($dff) from module top (D = $flatten\bridge1.\fifo_master1.\master1.\apb_slave_uart1.$procmux$1129_Y, Q = \bridge1.fifo_master1.master1.apb_slave_uart1.pwrite_en, rval = 1'0).
Adding SRST signal on $flatten\bridge1.\fifo_master1.\master1.\apb_slave_uart1.$procdff$1502 ($dff) from module top (D = $flatten\bridge1.\fifo_master1.\master1.\apb_slave_uart1.$procmux$1141_Y, Q = \bridge1.fifo_master1.master1.apb_slave_uart1.p_data, rval = 0).
Adding EN signal on $auto$ff.cc:266:slice$2070 ($sdff) from module top (D = \bridge1.fifo_master1.master1.master_apb.pwdata, Q = \bridge1.fifo_master1.master1.apb_slave_uart1.p_data).
Adding EN signal on $flatten\bridge1.\fifo_master1.\master1.\apb_slave_uart1.$procdff$1501 ($dff) from module top (D = \bridge1.fifo_master1.master1.apb_slave_uart1.uart_soc1.deserializer1.data_out, Q = \bridge1.fifo_master1.master1.apb_slave_uart1.pr_data).
Adding SRST signal on $flatten\bridge1.\fifo_master1.\master1.\apb_slave_timer1.\timer_peri.\decoder_logic1.\square_time.$procdff$1460 ($dff) from module top (D = $flatten\bridge1.\fifo_master1.\master1.\apb_slave_timer1.\timer_peri.\decoder_logic1.\square_time.$procmux$392_Y, Q = \bridge1.fifo_master1.master1.apb_slave_timer1.timer_peri.decoder_logic1.square_time.running, rval = 1'0).
Adding EN signal on $auto$ff.cc:266:slice$2077 ($sdff) from module top (D = $flatten\bridge1.\fifo_master1.\master1.\apb_slave_timer1.\timer_peri.\decoder_logic1.\square_time.$procmux$390_Y, Q = \bridge1.fifo_master1.master1.apb_slave_timer1.timer_peri.decoder_logic1.square_time.running).
Adding SRST signal on $flatten\bridge1.\fifo_master1.\master1.\apb_slave_timer1.\timer_peri.\decoder_logic1.\square_time.$procdff$1459 ($dff) from module top (D = $flatten\bridge1.\fifo_master1.\master1.\apb_slave_timer1.\timer_peri.\decoder_logic1.\square_time.$procmux$397_Y, Q = \bridge1.fifo_master1.master1.apb_slave_timer1.timer_peri.decoder_logic1.square_time.mem, rval = 16'0000000000000000).
Adding EN signal on $auto$ff.cc:266:slice$2079 ($sdff) from module top (D = \bridge1.fifo_master1.master1.apb_slave_timer1.timer_peri.control_logic1.bit_16, Q = \bridge1.fifo_master1.master1.apb_slave_timer1.timer_peri.decoder_logic1.square_time.mem).
Adding SRST signal on $flatten\bridge1.\fifo_master1.\master1.\apb_slave_timer1.\timer_peri.\decoder_logic1.\square_time.$procdff$1458 ($dff) from module top (D = $flatten\bridge1.\fifo_master1.\master1.\apb_slave_timer1.\timer_peri.\decoder_logic1.\square_time.$procmux$409_Y, Q = \bridge1.fifo_master1.master1.apb_slave_timer1.timer_peri.decoder_logic1.square_time.counter, rval = 16'0000000000000000).
Adding EN signal on $auto$ff.cc:266:slice$2081 ($sdff) from module top (D = $flatten\bridge1.\fifo_master1.\master1.\apb_slave_timer1.\timer_peri.\decoder_logic1.\square_time.$procmux$409_Y, Q = \bridge1.fifo_master1.master1.apb_slave_timer1.timer_peri.decoder_logic1.square_time.counter).
Adding SRST signal on $flatten\bridge1.\fifo_master1.\master1.\apb_slave_timer1.\timer_peri.\decoder_logic1.\square_time.$procdff$1456 ($dff) from module top (D = $flatten\bridge1.\fifo_master1.\master1.\apb_slave_timer1.\timer_peri.\decoder_logic1.\square_time.$procmux$438_Y, Q = \bridge1.fifo_master1.master1.apb_slave_timer1.timer_peri.decoder_logic1.square_time.write_pending, rval = 1'0).
Adding SRST signal on $flatten\bridge1.\fifo_master1.\master1.\apb_slave_timer1.\timer_peri.\decoder_logic1.\square_time.$procdff$1455 ($dff) from module top (D = $flatten\bridge1.\fifo_master1.\master1.\apb_slave_timer1.\timer_peri.\decoder_logic1.\square_time.$procmux$450_Y, Q = \bridge1.fifo_master1.master1.apb_slave_timer1.timer_peri.decoder_logic1.square_time.wave, rval = 1'0).
Adding EN signal on $auto$ff.cc:266:slice$2092 ($sdff) from module top (D = $flatten\bridge1.\fifo_master1.\master1.\apb_slave_timer1.\timer_peri.\decoder_logic1.\square_time.$procmux$450_Y, Q = \bridge1.fifo_master1.master1.apb_slave_timer1.timer_peri.decoder_logic1.square_time.wave).
Adding SRST signal on $flatten\bridge1.\fifo_master1.\master1.\apb_slave_timer1.\timer_peri.\decoder_logic1.\normal_time.$procdff$1528 ($dff) from module top (D = $flatten\bridge1.\fifo_master1.\master1.\apb_slave_timer1.\timer_peri.\decoder_logic1.\normal_time.$procmux$1391_Y, Q = \bridge1.fifo_master1.master1.apb_slave_timer1.timer_peri.decoder_logic1.normal_time.counter_1, rval = 8'00000000).
Adding EN signal on $auto$ff.cc:266:slice$2096 ($sdff) from module top (D = $flatten\bridge1.\fifo_master1.\master1.\apb_slave_timer1.\timer_peri.\decoder_logic1.\normal_time.$procmux$1391_Y, Q = \bridge1.fifo_master1.master1.apb_slave_timer1.timer_peri.decoder_logic1.normal_time.counter_1).
Adding SRST signal on $flatten\bridge1.\fifo_master1.\master1.\apb_slave_timer1.\timer_peri.\decoder_logic1.\normal_time.$procdff$1527 ($dff) from module top (D = $flatten\bridge1.\fifo_master1.\master1.\apb_slave_timer1.\timer_peri.\decoder_logic1.\normal_time.$procmux$1399_Y, Q = \bridge1.fifo_master1.master1.apb_slave_timer1.timer_peri.decoder_logic1.normal_time.mem_1, rval = 8'00000000).
Adding EN signal on $auto$ff.cc:266:slice$2104 ($sdff) from module top (D = \bridge1.fifo_master1.master1.apb_slave_timer1.timer_peri.control_logic1.counter_value, Q = \bridge1.fifo_master1.master1.apb_slave_timer1.timer_peri.decoder_logic1.normal_time.mem_1).
Adding SRST signal on $flatten\bridge1.\fifo_master1.\master1.\apb_slave_timer1.\timer_peri.\decoder_logic1.\normal_time.$procdff$1526 ($dff) from module top (D = $flatten\bridge1.\fifo_master1.\master1.\apb_slave_timer1.\timer_peri.\decoder_logic1.\normal_time.$procmux$1404_Y, Q = \bridge1.fifo_master1.master1.apb_slave_timer1.timer_peri.decoder_logic1.normal_time.mem, rval = 16'0000000000000000).
Adding EN signal on $auto$ff.cc:266:slice$2106 ($sdff) from module top (D = \bridge1.fifo_master1.master1.apb_slave_timer1.timer_peri.control_logic1.bit_16, Q = \bridge1.fifo_master1.master1.apb_slave_timer1.timer_peri.decoder_logic1.normal_time.mem).
Adding SRST signal on $flatten\bridge1.\fifo_master1.\master1.\apb_slave_timer1.\timer_peri.\decoder_logic1.\normal_time.$procdff$1525 ($dff) from module top (D = $flatten\bridge1.\fifo_master1.\master1.\apb_slave_timer1.\timer_peri.\decoder_logic1.\normal_time.$procmux$1414_Y, Q = \bridge1.fifo_master1.master1.apb_slave_timer1.timer_peri.decoder_logic1.normal_time.counter, rval = 16'0000000000000000).
Adding EN signal on $auto$ff.cc:266:slice$2108 ($sdff) from module top (D = $flatten\bridge1.\fifo_master1.\master1.\apb_slave_timer1.\timer_peri.\decoder_logic1.\normal_time.$procmux$1414_Y, Q = \bridge1.fifo_master1.master1.apb_slave_timer1.timer_peri.decoder_logic1.normal_time.counter).
Adding SRST signal on $flatten\bridge1.\fifo_master1.\master1.\apb_slave_timer1.\timer_peri.\decoder_logic1.\normal_time.$procdff$1523 ($dff) from module top (D = $flatten\bridge1.\fifo_master1.\master1.\apb_slave_timer1.\timer_peri.\decoder_logic1.\normal_time.$procmux$1445_Y, Q = \bridge1.fifo_master1.master1.apb_slave_timer1.timer_peri.decoder_logic1.normal_time.wave, rval = 1'0).
Adding EN signal on $auto$ff.cc:266:slice$2116 ($sdff) from module top (D = $flatten\bridge1.\fifo_master1.\master1.\apb_slave_timer1.\timer_peri.\decoder_logic1.\normal_time.$procmux$1445_Y, Q = \bridge1.fifo_master1.master1.apb_slave_timer1.timer_peri.decoder_logic1.normal_time.wave).
Adding EN signal on $flatten\bridge1.\fifo_master1.\master1.\apb_slave_timer1.\timer_peri.\control_logic1.$procdff$1490 ($dff) from module top (D = $flatten\bridge1.\fifo_master1.\master1.\apb_slave_timer1.\timer_peri.\control_logic1.$0\counter_value[7:0], Q = \bridge1.fifo_master1.master1.apb_slave_timer1.timer_peri.control_logic1.counter_value).
Adding EN signal on $flatten\bridge1.\fifo_master1.\master1.\apb_slave_timer1.\timer_peri.\control_logic1.$procdff$1489 ($dff) from module top (D = $flatten\bridge1.\fifo_master1.\master1.\apb_slave_timer1.\timer_peri.\control_logic1.$0\bit_16[15:0], Q = \bridge1.fifo_master1.master1.apb_slave_timer1.timer_peri.control_logic1.bit_16).
Adding SRST signal on $flatten\bridge1.\fifo_master1.\master1.\apb_slave_timer1.$procdff$1510 ($dff) from module top (D = $flatten\bridge1.\fifo_master1.\master1.\apb_slave_timer1.$procmux$1173_Y, Q = \bridge1.fifo_master1.master1.apb_slave_timer1.write_pending, rval = 1'0).
Adding SRST signal on $flatten\bridge1.\fifo_master1.\master1.\apb_slave_timer1.$procdff$1509 ($dff) from module top (D = $flatten\bridge1.\fifo_master1.\master1.\apb_slave_timer1.$procmux$1168_Y, Q = \bridge1.fifo_master1.master1.apb_slave_timer1.pwrite_en, rval = 1'0).
Adding SRST signal on $flatten\bridge1.\fifo_master1.\master1.\apb_slave_timer1.$procdff$1508 ($dff) from module top (D = $flatten\bridge1.\fifo_master1.\master1.\apb_slave_timer1.$procmux$1180_Y, Q = \bridge1.fifo_master1.master1.apb_slave_timer1.p_data, rval = 0).
Adding EN signal on $auto$ff.cc:266:slice$2134 ($sdff) from module top (D = \bridge1.fifo_master1.master1.master_apb.pwdata, Q = \bridge1.fifo_master1.master1.apb_slave_timer1.p_data).
Adding SRST signal on $flatten\bridge1.\fifo_master1.\master1.\apb_slave_pwm1.\pwm_peri.$procdff$1493 ($dff) from module top (D = $flatten\bridge1.\fifo_master1.\master1.\apb_slave_pwm1.\pwm_peri.$procmux$993_Y, Q = \bridge1.fifo_master1.master1.apb_slave_pwm1.pwm_peri.pwm_data, rval = 0).
Adding EN signal on $auto$ff.cc:266:slice$2136 ($sdff) from module top (D = \bridge1.fifo_master1.master1.apb_slave_pwm1.p_data, Q = \bridge1.fifo_master1.master1.apb_slave_pwm1.pwm_peri.pwm_data).
Adding SRST signal on $flatten\bridge1.\fifo_master1.\master1.\apb_slave_pwm1.\pwm_peri.$procdff$1492 ($dff) from module top (D = $flatten\bridge1.\fifo_master1.\master1.\apb_slave_pwm1.\pwm_peri.$add$/home/vboxuser/Desktop/openlane/testing/pwm.sv:67$308_Y, Q = \bridge1.fifo_master1.master1.apb_slave_pwm1.pwm_peri.counter, rval = 16'0000000000000000).
Adding SRST signal on $flatten\bridge1.\fifo_master1.\master1.\apb_slave_pwm1.$procdff$1507 ($dff) from module top (D = $flatten\bridge1.\fifo_master1.\master1.\apb_slave_pwm1.$procmux$1156_Y, Q = \bridge1.fifo_master1.master1.apb_slave_pwm1.write_pending, rval = 1'0).
Adding SRST signal on $flatten\bridge1.\fifo_master1.\master1.\apb_slave_pwm1.$procdff$1506 ($dff) from module top (D = $flatten\bridge1.\fifo_master1.\master1.\apb_slave_pwm1.$procmux$1151_Y, Q = \bridge1.fifo_master1.master1.apb_slave_pwm1.pwrite_en, rval = 1'0).
Adding SRST signal on $flatten\bridge1.\fifo_master1.\master1.\apb_slave_pwm1.$procdff$1505 ($dff) from module top (D = $flatten\bridge1.\fifo_master1.\master1.\apb_slave_pwm1.$procmux$1163_Y, Q = \bridge1.fifo_master1.master1.apb_slave_pwm1.p_data, rval = 0).
Adding EN signal on $auto$ff.cc:266:slice$2147 ($sdff) from module top (D = \bridge1.fifo_master1.master1.master_apb.pwdata, Q = \bridge1.fifo_master1.master1.apb_slave_pwm1.p_data).
Adding SRST signal on $flatten\bridge1.\fifo_master1.\fifo1.$procdff$1516 ($dff) from module top (D = $flatten\bridge1.\fifo_master1.\fifo1.$procmux$1332_Y, Q = \bridge1.fifo_master1.fifo1.w_ptr, rval = 3'000).
Adding EN signal on $auto$ff.cc:266:slice$2149 ($sdff) from module top (D = $flatten\bridge1.\fifo_master1.\fifo1.$add$/home/vboxuser/Desktop/openlane/testing/fifo.sv:48$118_Y [2:0], Q = \bridge1.fifo_master1.fifo1.w_ptr).
Adding SRST signal on $flatten\bridge1.\fifo_master1.\fifo1.$procdff$1515 ($dff) from module top (D = $flatten\bridge1.\fifo_master1.\fifo1.$procmux$1299_Y, Q = \bridge1.fifo_master1.fifo1.r_ptr, rval = 3'000).
Adding EN signal on $auto$ff.cc:266:slice$2151 ($sdff) from module top (D = $flatten\bridge1.\fifo_master1.\fifo1.$add$/home/vboxuser/Desktop/openlane/testing/fifo.sv:60$122_Y [2:0], Q = \bridge1.fifo_master1.fifo1.r_ptr).

87. Executing OPT_CLEAN pass (remove unused cells and wires).
Finding unused cells or wires in module \top..
Removed 122 unused cells and 170 unused wires.
<suppressed ~123 debug messages>

88. Executing OPT_EXPR pass (perform const folding).
Optimizing module top.
<suppressed ~18 debug messages>

89. Rerunning OPT passes. (Maybe there is more to do…)

90. Executing OPT_MUXTREE pass (detect dead branches in mux trees).
Running muxtree optimizer on module \top..
  Creating internal representation of mux trees.
  Evaluating internal representation of mux trees.
  Analyzing evaluation results.
Removed 0 multiplexer ports.
<suppressed ~60 debug messages>

91. Executing OPT_REDUCE pass (consolidate $*mux and $reduce_* inputs).
  Optimizing cells in module \top.
Performed a total of 0 changes.

92. Executing OPT_MERGE pass (detect identical cells).
Finding identical cells in module `\top'.
<suppressed ~84 debug messages>
Removed a total of 28 cells.

93. Executing OPT_DFF pass (perform DFF optimizations).

94. Executing OPT_CLEAN pass (remove unused cells and wires).
Finding unused cells or wires in module \top..
Removed 0 unused cells and 27 unused wires.
<suppressed ~1 debug messages>

95. Executing OPT_EXPR pass (perform const folding).
Optimizing module top.

96. Rerunning OPT passes. (Maybe there is more to do…)

97. Executing OPT_MUXTREE pass (detect dead branches in mux trees).
Running muxtree optimizer on module \top..
  Creating internal representation of mux trees.
  Evaluating internal representation of mux trees.
  Analyzing evaluation results.
Removed 0 multiplexer ports.
<suppressed ~60 debug messages>

98. Executing OPT_REDUCE pass (consolidate $*mux and $reduce_* inputs).
  Optimizing cells in module \top.
Performed a total of 0 changes.

99. Executing OPT_MERGE pass (detect identical cells).
Finding identical cells in module `\top'.
Removed a total of 0 cells.

100. Executing OPT_DFF pass (perform DFF optimizations).

101. Executing OPT_CLEAN pass (remove unused cells and wires).
Finding unused cells or wires in module \top..

102. Executing OPT_EXPR pass (perform const folding).
Optimizing module top.

103. Executing WREDUCE pass (reducing word size of cells).
Removed top 27 address bits (of 32) from memory init port top.$flatten\core1.\data.\r1.$meminit$\register$/home/vboxuser/Desktop/openlane/testing/register_file.sv:40$196 (core1.data.r1.register).
Removed top 27 address bits (of 32) from memory init port top.$flatten\core1.\data.\r1.$meminit$\register$/home/vboxuser/Desktop/openlane/testing/register_file.sv:40$197 (core1.data.r1.register).
Removed top 27 address bits (of 32) from memory init port top.$flatten\core1.\data.\r1.$meminit$\register$/home/vboxuser/Desktop/openlane/testing/register_file.sv:40$198 (core1.data.r1.register).
Removed top 27 address bits (of 32) from memory init port top.$flatten\core1.\data.\r1.$meminit$\register$/home/vboxuser/Desktop/openlane/testing/register_file.sv:40$199 (core1.data.r1.register).
Removed top 27 address bits (of 32) from memory init port top.$flatten\core1.\data.\r1.$meminit$\register$/home/vboxuser/Desktop/openlane/testing/register_file.sv:40$200 (core1.data.r1.register).
Removed top 27 address bits (of 32) from memory init port top.$flatten\core1.\data.\r1.$meminit$\register$/home/vboxuser/Desktop/openlane/testing/register_file.sv:40$201 (core1.data.r1.register).
Removed top 27 address bits (of 32) from memory init port top.$flatten\core1.\data.\r1.$meminit$\register$/home/vboxuser/Desktop/openlane/testing/register_file.sv:40$202 (core1.data.r1.register).
Removed top 27 address bits (of 32) from memory init port top.$flatten\core1.\data.\r1.$meminit$\register$/home/vboxuser/Desktop/openlane/testing/register_file.sv:40$203 (core1.data.r1.register).
Removed top 27 address bits (of 32) from memory init port top.$flatten\core1.\data.\r1.$meminit$\register$/home/vboxuser/Desktop/openlane/testing/register_file.sv:40$204 (core1.data.r1.register).
Removed top 27 address bits (of 32) from memory init port top.$flatten\core1.\data.\r1.$meminit$\register$/home/vboxuser/Desktop/openlane/testing/register_file.sv:40$205 (core1.data.r1.register).
Removed top 27 address bits (of 32) from memory init port top.$flatten\core1.\data.\r1.$meminit$\register$/home/vboxuser/Desktop/openlane/testing/register_file.sv:40$206 (core1.data.r1.register).
Removed top 27 address bits (of 32) from memory init port top.$flatten\core1.\data.\r1.$meminit$\register$/home/vboxuser/Desktop/openlane/testing/register_file.sv:40$207 (core1.data.r1.register).
Removed top 27 address bits (of 32) from memory init port top.$flatten\core1.\data.\r1.$meminit$\register$/home/vboxuser/Desktop/openlane/testing/register_file.sv:40$208 (core1.data.r1.register).
Removed top 27 address bits (of 32) from memory init port top.$flatten\core1.\data.\r1.$meminit$\register$/home/vboxuser/Desktop/openlane/testing/register_file.sv:40$209 (core1.data.r1.register).
Removed top 27 address bits (of 32) from memory init port top.$flatten\core1.\data.\r1.$meminit$\register$/home/vboxuser/Desktop/openlane/testing/register_file.sv:40$210 (core1.data.r1.register).
Removed top 27 address bits (of 32) from memory init port top.$flatten\core1.\data.\r1.$meminit$\register$/home/vboxuser/Desktop/openlane/testing/register_file.sv:40$211 (core1.data.r1.register).
Removed top 27 address bits (of 32) from memory init port top.$flatten\core1.\data.\r1.$meminit$\register$/home/vboxuser/Desktop/openlane/testing/register_file.sv:40$212 (core1.data.r1.register).
Removed top 27 address bits (of 32) from memory init port top.$flatten\core1.\data.\r1.$meminit$\register$/home/vboxuser/Desktop/openlane/testing/register_file.sv:40$213 (core1.data.r1.register).
Removed top 27 address bits (of 32) from memory init port top.$flatten\core1.\data.\r1.$meminit$\register$/home/vboxuser/Desktop/openlane/testing/register_file.sv:40$214 (core1.data.r1.register).
Removed top 27 address bits (of 32) from memory init port top.$flatten\core1.\data.\r1.$meminit$\register$/home/vboxuser/Desktop/openlane/testing/register_file.sv:40$215 (core1.data.r1.register).
Removed top 27 address bits (of 32) from memory init port top.$flatten\core1.\data.\r1.$meminit$\register$/home/vboxuser/Desktop/openlane/testing/register_file.sv:40$216 (core1.data.r1.register).
Removed top 27 address bits (of 32) from memory init port top.$flatten\core1.\data.\r1.$meminit$\register$/home/vboxuser/Desktop/openlane/testing/register_file.sv:40$217 (core1.data.r1.register).
Removed top 27 address bits (of 32) from memory init port top.$flatten\core1.\data.\r1.$meminit$\register$/home/vboxuser/Desktop/openlane/testing/register_file.sv:40$218 (core1.data.r1.register).
Removed top 27 address bits (of 32) from memory init port top.$flatten\core1.\data.\r1.$meminit$\register$/home/vboxuser/Desktop/openlane/testing/register_file.sv:40$219 (core1.data.r1.register).
Removed top 27 address bits (of 32) from memory init port top.$flatten\core1.\data.\r1.$meminit$\register$/home/vboxuser/Desktop/openlane/testing/register_file.sv:40$220 (core1.data.r1.register).
Removed top 27 address bits (of 32) from memory init port top.$flatten\core1.\data.\r1.$meminit$\register$/home/vboxuser/Desktop/openlane/testing/register_file.sv:40$221 (core1.data.r1.register).
Removed top 27 address bits (of 32) from memory init port top.$flatten\core1.\data.\r1.$meminit$\register$/home/vboxuser/Desktop/openlane/testing/register_file.sv:40$222 (core1.data.r1.register).
Removed top 27 address bits (of 32) from memory init port top.$flatten\core1.\data.\r1.$meminit$\register$/home/vboxuser/Desktop/openlane/testing/register_file.sv:40$223 (core1.data.r1.register).
Removed top 27 address bits (of 32) from memory init port top.$flatten\core1.\data.\r1.$meminit$\register$/home/vboxuser/Desktop/openlane/testing/register_file.sv:40$224 (core1.data.r1.register).
Removed top 27 address bits (of 32) from memory init port top.$flatten\core1.\data.\r1.$meminit$\register$/home/vboxuser/Desktop/openlane/testing/register_file.sv:40$225 (core1.data.r1.register).
Removed top 27 address bits (of 32) from memory init port top.$flatten\core1.\data.\r1.$meminit$\register$/home/vboxuser/Desktop/openlane/testing/register_file.sv:40$226 (core1.data.r1.register).
Removed top 27 address bits (of 32) from memory init port top.$flatten\core1.\data.\r1.$meminit$\register$/home/vboxuser/Desktop/openlane/testing/register_file.sv:40$227 (core1.data.r1.register).
Removed top 27 address bits (of 32) from memory init port top.$flatten\imem1.$meminit$\ram$/home/vboxuser/Desktop/openlane/testing/imem.sv:31$49 (imem1.ram).
Removed top 27 address bits (of 32) from memory init port top.$flatten\imem1.$meminit$\ram$/home/vboxuser/Desktop/openlane/testing/imem.sv:32$50 (imem1.ram).
Removed top 27 address bits (of 32) from memory init port top.$flatten\imem1.$meminit$\ram$/home/vboxuser/Desktop/openlane/testing/imem.sv:33$51 (imem1.ram).
Removed top 27 address bits (of 32) from memory init port top.$flatten\imem1.$meminit$\ram$/home/vboxuser/Desktop/openlane/testing/imem.sv:34$52 (imem1.ram).
Removed top 27 address bits (of 32) from memory init port top.$flatten\imem1.$meminit$\ram$/home/vboxuser/Desktop/openlane/testing/imem.sv:35$53 (imem1.ram).
Removed top 27 address bits (of 32) from memory init port top.$flatten\imem1.$meminit$\ram$/home/vboxuser/Desktop/openlane/testing/imem.sv:36$54 (imem1.ram).
Removed top 27 address bits (of 32) from memory init port top.$flatten\imem1.$meminit$\ram$/home/vboxuser/Desktop/openlane/testing/imem.sv:37$55 (imem1.ram).
Removed top 27 address bits (of 32) from memory init port top.$flatten\imem1.$meminit$\ram$/home/vboxuser/Desktop/openlane/testing/imem.sv:38$56 (imem1.ram).
Removed top 27 address bits (of 32) from memory init port top.$flatten\imem1.$meminit$\ram$/home/vboxuser/Desktop/openlane/testing/imem.sv:39$57 (imem1.ram).
Removed top 27 address bits (of 32) from memory init port top.$flatten\imem1.$meminit$\ram$/home/vboxuser/Desktop/openlane/testing/imem.sv:40$58 (imem1.ram).
Removed top 27 address bits (of 32) from memory init port top.$flatten\imem1.$meminit$\ram$/home/vboxuser/Desktop/openlane/testing/imem.sv:41$59 (imem1.ram).
Removed top 27 address bits (of 32) from memory init port top.$flatten\imem1.$meminit$\ram$/home/vboxuser/Desktop/openlane/testing/imem.sv:42$60 (imem1.ram).
Removed top 27 address bits (of 32) from memory init port top.$flatten\imem1.$meminit$\ram$/home/vboxuser/Desktop/openlane/testing/imem.sv:43$61 (imem1.ram).
Removed top 27 address bits (of 32) from memory init port top.$flatten\imem1.$meminit$\ram$/home/vboxuser/Desktop/openlane/testing/imem.sv:44$62 (imem1.ram).
Removed top 27 address bits (of 32) from memory init port top.$flatten\imem1.$meminit$\ram$/home/vboxuser/Desktop/openlane/testing/imem.sv:45$63 (imem1.ram).
Removed top 27 address bits (of 32) from memory init port top.$flatten\imem1.$meminit$\ram$/home/vboxuser/Desktop/openlane/testing/imem.sv:46$64 (imem1.ram).
Removed top 27 address bits (of 32) from memory init port top.$flatten\imem1.$meminit$\ram$/home/vboxuser/Desktop/openlane/testing/imem.sv:47$65 (imem1.ram).
Removed top 27 address bits (of 32) from memory init port top.$flatten\imem1.$meminit$\ram$/home/vboxuser/Desktop/openlane/testing/imem.sv:48$66 (imem1.ram).
Removed top 27 address bits (of 32) from memory init port top.$flatten\imem1.$meminit$\ram$/home/vboxuser/Desktop/openlane/testing/imem.sv:49$67 (imem1.ram).
Removed top 27 address bits (of 32) from memory init port top.$flatten\imem1.$meminit$\ram$/home/vboxuser/Desktop/openlane/testing/imem.sv:50$68 (imem1.ram).
Removed top 27 address bits (of 32) from memory init port top.$flatten\imem1.$meminit$\ram$/home/vboxuser/Desktop/openlane/testing/imem.sv:51$69 (imem1.ram).
Removed top 27 address bits (of 32) from memory init port top.$flatten\imem1.$meminit$\ram$/home/vboxuser/Desktop/openlane/testing/imem.sv:52$70 (imem1.ram).
Removed top 29 bits (of 32) from port B of cell top.$flatten\core1.\data.\a1.$add$/home/vboxuser/Desktop/openlane/testing/adder.sv:28$262 ($add).
Removed top 1 bits (of 2) from port B of cell top.$flatten\core1.\data.\m1.$procmux$1245_CMP0 ($eq).
Removed top 2 bits (of 3) from port B of cell top.$flatten\core1.\data.\e1.$procmux$1202_CMP0 ($eq).
Removed top 1 bits (of 3) from port B of cell top.$flatten\core1.\data.\e1.$procmux$1201_CMP0 ($eq).
Removed top 1 bits (of 3) from port B of cell top.$flatten\core1.\data.\e1.$procmux$1200_CMP0 ($eq).
Removed top 3 bits (of 4) from port B of cell top.$flatten\core1.\data.\alu1.$procmux$1240_CMP0 ($eq).
Removed top 2 bits (of 4) from port B of cell top.$flatten\core1.\data.\alu1.$procmux$1239_CMP0 ($eq).
Removed top 1 bits (of 4) from port B of cell top.$flatten\core1.\data.\alu1.$procmux$1236_CMP0 ($eq).
Removed top 1 bits (of 4) from port B of cell top.$flatten\core1.\data.\alu1.$procmux$1235_CMP0 ($eq).
Removed top 1 bits (of 4) from port B of cell top.$flatten\core1.\data.\alu1.$procmux$1234_CMP0 ($eq).
Removed top 2 bits (of 4) from port B of cell top.$flatten\core1.\data.\alu1.$procmux$1229_CMP0 ($eq).
Removed top 31 bits (of 32) from mux cell top.$flatten\core1.\data.\alu1.$procmux$1226 ($mux).
Removed top 1 bits (of 4) from port B of cell top.$flatten\core1.\data.\alu1.$procmux$1217_CMP0 ($eq).
Removed top 31 bits (of 32) from mux cell top.$flatten\core1.\data.\alu1.$procmux$1214 ($mux).
Removed top 1 bits (of 2) from port B of cell top.$flatten\core1.\data.\m3.$procmux$1245_CMP0 ($eq).
Removed top 1 bits (of 2) from mux cell top.$flatten\core1.\con1.$procmux$1343 ($mux).
Removed top 5 bits (of 7) from port B of cell top.$flatten\core1.\con1.\d1.$procmux$1256_CMP0 ($eq).
Removed top 1 bits (of 7) from port B of cell top.$flatten\core1.\con1.\d1.$procmux$1255_CMP0 ($eq).
Removed top 1 bits (of 7) from port B of cell top.$flatten\core1.\con1.\d1.$procmux$1254_CMP0 ($eq).
Removed top 2 bits (of 7) from port B of cell top.$flatten\core1.\con1.\d1.$procmux$1252_CMP0 ($eq).
Removed top 1 bits (of 2) from port B of cell top.$flatten\core1.\con1.\a1.$procmux$1297_CMP0 ($eq).
Removed top 2 bits (of 3) from port B of cell top.$flatten\core1.\con1.\a1.$procmux$1290_CMP0 ($eq).
Removed top 1 bits (of 3) from port B of cell top.$flatten\core1.\con1.\a1.$procmux$1289_CMP0 ($eq).
Removed top 1 bits (of 3) from port B of cell top.$flatten\core1.\con1.\a1.$procmux$1288_CMP0 ($eq).
Removed top 3 bits (of 4) from mux cell top.$flatten\core1.\con1.\a1.$procmux$1276 ($mux).
Removed top 3 bits (of 4) from mux cell top.$flatten\core1.\con1.\a1.$procmux$1261 ($mux).
Removed top 1 bits (of 7) from port B of cell top.$flatten\core1.\con1.\d1.$procmux$1249_CMP0 ($eq).
Removed top 3 bits (of 4) from port B of cell top.$auto$fsm_map.cc:77:implement_pattern_cache$1616 ($eq).
Removed top 1 bits (of 2) from port B of cell top.$auto$fsm_map.cc:77:implement_pattern_cache$1610 ($eq).
Removed top 1 bits (of 2) from port B of cell top.$auto$opt_dff.cc:195:make_patterns_logic$1881 ($ne).
Removed top 1 bits (of 2) from port B of cell top.$auto$opt_dff.cc:195:make_patterns_logic$2088 ($ne).
Removed top 1 bits (of 2) from port B of cell top.$auto$opt_dff.cc:195:make_patterns_logic$2086 ($ne).
Removed top 1 bits (of 2) from port B of cell top.$auto$opt_dff.cc:195:make_patterns_logic$1971 ($ne).
Removed top 31 bits (of 32) from port B of cell top.$flatten\bridge1.\fifo_master1.\fifo1.$add$/home/vboxuser/Desktop/openlane/testing/fifo.sv:60$122 ($add).
Removed top 29 bits (of 32) from port Y of cell top.$flatten\bridge1.\fifo_master1.\fifo1.$add$/home/vboxuser/Desktop/openlane/testing/fifo.sv:60$122 ($add).
Removed top 31 bits (of 32) from port B of cell top.$flatten\bridge1.\fifo_master1.\fifo1.$add$/home/vboxuser/Desktop/openlane/testing/fifo.sv:48$118 ($add).
Removed top 29 bits (of 32) from port Y of cell top.$flatten\bridge1.\fifo_master1.\fifo1.$add$/home/vboxuser/Desktop/openlane/testing/fifo.sv:48$118 ($add).
Removed top 5 bits (of 32) from FF cell top.$auto$ff.cc:266:slice$2135 ($sdffe).
Removed top 1 bits (of 2) from port B of cell top.$flatten\bridge1.\fifo_master1.\master1.\apb_slave_timer1.\timer_peri.\control_logic1.$procmux$938_CMP0 ($eq).
Removed top 15 bits (of 16) from port B of cell top.$flatten\bridge1.\fifo_master1.\master1.\apb_slave_pwm1.\pwm_peri.$add$/home/vboxuser/Desktop/openlane/testing/pwm.sv:67$308 ($add).
Removed top 31 bits (of 32) from port B of cell top.$flatten\bridge1.\fifo_master1.\master1.\apb_slave_pwm1.\pwm_peri.$sub$/home/vboxuser/Desktop/openlane/testing/pwm.sv:64$306 ($sub).
Removed top 15 bits (of 32) from port Y of cell top.$flatten\bridge1.\fifo_master1.\master1.\apb_slave_pwm1.\pwm_peri.$sub$/home/vboxuser/Desktop/openlane/testing/pwm.sv:64$306 ($sub).
Removed top 8 bits (of 13) from port B of cell top.$flatten\bridge1.\fifo_master1.\master1.\apb_slave_uart1.\uart_soc1.\baud_rate1.$eq$/home/vboxuser/Desktop/openlane/testing/baud_rate.sv:38$371 ($eq).
Removed top 1 bits (of 2) from port B of cell top.$flatten\bridge1.\fifo_master1.\master1.\apb_slave_uart1.\uart_soc1.\deserializer1.$procmux$880_CMP0 ($eq).
Removed top 1 bits (of 2) from port B of cell top.$auto$opt_dff.cc:195:make_patterns_logic$1931 ($ne).
Removed top 1 bits (of 4) from port B of cell top.$flatten\bridge1.\fifo_master1.\master1.\apb_slave_uart1.\uart_soc1.\uart_rx1.$eq$/home/vboxuser/Desktop/openlane/testing/uart_rx.sv:56$339 ($eq).
Converting cell top.$flatten\bridge1.\fifo_master1.\master1.\apb_slave_uart1.\uart_soc1.\uart_rx1.$neg$/home/vboxuser/Desktop/openlane/testing/uart_rx.sv:0$345 ($neg) from signed to unsigned.
Removed top 1 bits (of 4) from port A of cell top.$flatten\bridge1.\fifo_master1.\master1.\apb_slave_uart1.\uart_soc1.\uart_rx1.$neg$/home/vboxuser/Desktop/openlane/testing/uart_rx.sv:0$345 ($neg).
Removed top 1 bits (of 2) from port B of cell top.$auto$opt_dff.cc:195:make_patterns_logic$1919 ($ne).
Removed top 1 bits (of 2) from port B of cell top.$auto$opt_dff.cc:195:make_patterns_logic$1917 ($ne).
Removed top 1 bits (of 2) from port B of cell top.$flatten\bridge1.\fifo_master1.\master1.\apb_slave_uart1.\uart_soc1.\uart_tx1.$procmux$581_CMP0 ($eq).
Removed top 1 bits (of 2) from port B of cell top.$auto$opt_dff.cc:195:make_patterns_logic$1929 ($ne).
Removed top 1 bits (of 2) from port B of cell top.$flatten\bridge1.\fifo_master1.\master1.\apb_slave_uart1.\uart_soc1.\serializer1.$procmux$546_CMP0 ($eq).
Removed top 8 bits (of 9) from port B of cell top.$flatten\bridge1.\fifo_master1.\master1.\apb_slave_uart1.\uart_soc1.\baud_rate1.$eq$/home/vboxuser/Desktop/openlane/testing/baud_rate.sv:53$374 ($eq).
Removed top 1 bits (of 32) from port B of cell top.$flatten\bridge1.\fifo_master1.\master1.\master_apb.$ge$/home/vboxuser/Desktop/openlane/testing/apb_master.sv:69$292 ($ge).
Removed top 1 bits (of 32) from port B of cell top.$flatten\bridge1.\fifo_master1.\master1.\master_apb.$lt$/home/vboxuser/Desktop/openlane/testing/apb_master.sv:69$293 ($lt).
Removed top 1 bits (of 32) from port B of cell top.$flatten\bridge1.\fifo_master1.\master1.\master_apb.$ge$/home/vboxuser/Desktop/openlane/testing/apb_master.sv:74$295 ($ge).
Removed top 1 bits (of 32) from port B of cell top.$flatten\bridge1.\fifo_master1.\master1.\master_apb.$lt$/home/vboxuser/Desktop/openlane/testing/apb_master.sv:74$296 ($lt).
Removed top 1 bits (of 32) from port B of cell top.$flatten\bridge1.\fifo_master1.\master1.\master_apb.$ge$/home/vboxuser/Desktop/openlane/testing/apb_master.sv:79$298 ($ge).
Removed top 1 bits (of 32) from port B of cell top.$flatten\bridge1.\fifo_master1.\master1.\master_apb.$lt$/home/vboxuser/Desktop/openlane/testing/apb_master.sv:79$299 ($lt).
Removed top 1 bits (of 32) from port B of cell top.$flatten\bridge1.$le$/home/vboxuser/Desktop/openlane/testing/bridge.sv:39$17 ($le).
Removed top 1 bits (of 32) from port B of cell top.$flatten\bridge1.$ge$/home/vboxuser/Desktop/openlane/testing/bridge.sv:39$16 ($ge).
Removed top 2 bits (of 3) from port B of cell top.$auto$opt_dff.cc:195:make_patterns_logic$1967 ($ne).
Removed top 29 bits (of 32) from wire top.$flatten\bridge1.\fifo_master1.\fifo1.$add$/home/vboxuser/Desktop/openlane/testing/fifo.sv:48$118_Y.
Removed top 29 bits (of 32) from wire top.$flatten\bridge1.\fifo_master1.\fifo1.$add$/home/vboxuser/Desktop/openlane/testing/fifo.sv:60$122_Y.
Removed top 1 bits (of 2) from wire top.$flatten\core1.\con1.$2\pc_src[1:0].
Removed top 31 bits (of 32) from wire top.$flatten\core1.\data.\alu1.$2\result[31:0].
Removed top 31 bits (of 32) from wire top.$flatten\core1.\data.\alu1.$3\result[31:0].

104. Executing PEEPOPT pass (run peephole optimizers).

105. Executing OPT_CLEAN pass (remove unused cells and wires).
Finding unused cells or wires in module \top..
Removed 0 unused cells and 5 unused wires.
<suppressed ~1 debug messages>

106. Executing ALUMACC pass (create $alu and $macc cells).
Extracting $alu and $macc cells in module top:
  creating $macc model for $flatten\bridge1.\fifo_master1.\fifo1.$add$/home/vboxuser/Desktop/openlane/testing/fifo.sv:48$118 ($add).
  creating $macc model for $flatten\bridge1.\fifo_master1.\fifo1.$add$/home/vboxuser/Desktop/openlane/testing/fifo.sv:60$122 ($add).
  creating $macc model for $flatten\bridge1.\fifo_master1.\master1.\apb_slave_pwm1.\pwm_peri.$add$/home/vboxuser/Desktop/openlane/testing/pwm.sv:67$308 ($add).
  creating $macc model for $flatten\bridge1.\fifo_master1.\master1.\apb_slave_pwm1.\pwm_peri.$sub$/home/vboxuser/Desktop/openlane/testing/pwm.sv:64$306 ($sub).
  creating $macc model for $flatten\bridge1.\fifo_master1.\master1.\apb_slave_timer1.\timer_peri.\decoder_logic1.\normal_time.$add$/home/vboxuser/Desktop/openlane/testing/normal.sv:115$388 ($add).
  creating $macc model for $flatten\bridge1.\fifo_master1.\master1.\apb_slave_timer1.\timer_peri.\decoder_logic1.\normal_time.$add$/home/vboxuser/Desktop/openlane/testing/normal.sv:97$386 ($add).
  creating $macc model for $flatten\bridge1.\fifo_master1.\master1.\apb_slave_timer1.\timer_peri.\decoder_logic1.\square_time.$add$/home/vboxuser/Desktop/openlane/testing/square.sv:94$381 ($add).
  creating $macc model for $flatten\bridge1.\fifo_master1.\master1.\apb_slave_uart1.\uart_soc1.\baud_rate1.$add$/home/vboxuser/Desktop/openlane/testing/baud_rate.sv:43$372 ($add).
  creating $macc model for $flatten\bridge1.\fifo_master1.\master1.\apb_slave_uart1.\uart_soc1.\baud_rate1.$add$/home/vboxuser/Desktop/openlane/testing/baud_rate.sv:58$375 ($add).
  creating $macc model for $flatten\bridge1.\fifo_master1.\master1.\apb_slave_uart1.\uart_soc1.\deserializer1.$add$/home/vboxuser/Desktop/openlane/testing/deserializer.sv:84$323 ($add).
  creating $macc model for $flatten\bridge1.\fifo_master1.\master1.\apb_slave_uart1.\uart_soc1.\serializer1.$add$/home/vboxuser/Desktop/openlane/testing/serializer.sv:87$369 ($add).
  creating $macc model for $flatten\bridge1.\fifo_master1.\master1.\apb_slave_uart1.\uart_soc1.\uart_rx1.$add$/home/vboxuser/Desktop/openlane/testing/uart_rx.sv:62$341 ($add).
  creating $macc model for $flatten\bridge1.\fifo_master1.\master1.\apb_slave_uart1.\uart_soc1.\uart_rx1.$add$/home/vboxuser/Desktop/openlane/testing/uart_rx.sv:77$353 ($add).
  creating $macc model for $flatten\bridge1.\fifo_master1.\master1.\apb_slave_uart1.\uart_soc1.\uart_rx1.$neg$/home/vboxuser/Desktop/openlane/testing/uart_rx.sv:0$345 ($neg).
  creating $macc model for $flatten\bridge1.\fifo_master1.\master1.\apb_slave_uart1.\uart_soc1.\uart_tx1.$add$/home/vboxuser/Desktop/openlane/testing/uart_tx.sv:66$361 ($add).
  creating $macc model for $flatten\core1.\data.\a1.$add$/home/vboxuser/Desktop/openlane/testing/adder.sv:28$262 ($add).
  creating $macc model for $flatten\core1.\data.\a2.$add$/home/vboxuser/Desktop/openlane/testing/adder.sv:28$262 ($add).
  creating $macc model for $flatten\core1.\data.\alu1.$add$/home/vboxuser/Desktop/openlane/testing/alu.sv:33$133 ($add).
  creating $macc model for $flatten\core1.\data.\alu1.$sub$/home/vboxuser/Desktop/openlane/testing/alu.sv:34$134 ($sub).
  creating $alu model for $macc $flatten\core1.\data.\alu1.$sub$/home/vboxuser/Desktop/openlane/testing/alu.sv:34$134.
  creating $alu model for $macc $flatten\core1.\data.\alu1.$add$/home/vboxuser/Desktop/openlane/testing/alu.sv:33$133.
  creating $alu model for $macc $flatten\core1.\data.\a2.$add$/home/vboxuser/Desktop/openlane/testing/adder.sv:28$262.
  creating $alu model for $macc $flatten\core1.\data.\a1.$add$/home/vboxuser/Desktop/openlane/testing/adder.sv:28$262.
  creating $alu model for $macc $flatten\bridge1.\fifo_master1.\master1.\apb_slave_uart1.\uart_soc1.\uart_tx1.$add$/home/vboxuser/Desktop/openlane/testing/uart_tx.sv:66$361.
  creating $alu model for $macc $flatten\bridge1.\fifo_master1.\master1.\apb_slave_uart1.\uart_soc1.\uart_rx1.$neg$/home/vboxuser/Desktop/openlane/testing/uart_rx.sv:0$345.
  creating $alu model for $macc $flatten\bridge1.\fifo_master1.\master1.\apb_slave_uart1.\uart_soc1.\uart_rx1.$add$/home/vboxuser/Desktop/openlane/testing/uart_rx.sv:77$353.
  creating $alu model for $macc $flatten\bridge1.\fifo_master1.\master1.\apb_slave_uart1.\uart_soc1.\uart_rx1.$add$/home/vboxuser/Desktop/openlane/testing/uart_rx.sv:62$341.
  creating $alu model for $macc $flatten\bridge1.\fifo_master1.\master1.\apb_slave_uart1.\uart_soc1.\serializer1.$add$/home/vboxuser/Desktop/openlane/testing/serializer.sv:87$369.
  creating $alu model for $macc $flatten\bridge1.\fifo_master1.\master1.\apb_slave_uart1.\uart_soc1.\deserializer1.$add$/home/vboxuser/Desktop/openlane/testing/deserializer.sv:84$323.
  creating $alu model for $macc $flatten\bridge1.\fifo_master1.\master1.\apb_slave_uart1.\uart_soc1.\baud_rate1.$add$/home/vboxuser/Desktop/openlane/testing/baud_rate.sv:58$375.
  creating $alu model for $macc $flatten\bridge1.\fifo_master1.\master1.\apb_slave_uart1.\uart_soc1.\baud_rate1.$add$/home/vboxuser/Desktop/openlane/testing/baud_rate.sv:43$372.
  creating $alu model for $macc $flatten\bridge1.\fifo_master1.\master1.\apb_slave_timer1.\timer_peri.\decoder_logic1.\square_time.$add$/home/vboxuser/Desktop/openlane/testing/square.sv:94$381.
  creating $alu model for $macc $flatten\bridge1.\fifo_master1.\master1.\apb_slave_timer1.\timer_peri.\decoder_logic1.\normal_time.$add$/home/vboxuser/Desktop/openlane/testing/normal.sv:97$386.
  creating $alu model for $macc $flatten\bridge1.\fifo_master1.\master1.\apb_slave_timer1.\timer_peri.\decoder_logic1.\normal_time.$add$/home/vboxuser/Desktop/openlane/testing/normal.sv:115$388.
  creating $alu model for $macc $flatten\bridge1.\fifo_master1.\master1.\apb_slave_pwm1.\pwm_peri.$sub$/home/vboxuser/Desktop/openlane/testing/pwm.sv:64$306.
  creating $alu model for $macc $flatten\bridge1.\fifo_master1.\master1.\apb_slave_pwm1.\pwm_peri.$add$/home/vboxuser/Desktop/openlane/testing/pwm.sv:67$308.
  creating $alu model for $macc $flatten\bridge1.\fifo_master1.\fifo1.$add$/home/vboxuser/Desktop/openlane/testing/fifo.sv:60$122.
  creating $alu model for $macc $flatten\bridge1.\fifo_master1.\fifo1.$add$/home/vboxuser/Desktop/openlane/testing/fifo.sv:48$118.
  creating $alu model for $flatten\bridge1.$ge$/home/vboxuser/Desktop/openlane/testing/bridge.sv:39$16 ($ge): new $alu
  creating $alu model for $flatten\bridge1.$le$/home/vboxuser/Desktop/openlane/testing/bridge.sv:39$17 ($le): new $alu
  creating $alu model for $flatten\bridge1.\fifo_master1.\master1.\apb_slave_pwm1.\pwm_peri.$lt$/home/vboxuser/Desktop/openlane/testing/pwm.sv:77$309 ($lt): new $alu
  creating $alu model for $flatten\bridge1.\fifo_master1.\master1.\master_apb.$ge$/home/vboxuser/Desktop/openlane/testing/apb_master.sv:69$292 ($ge): new $alu
  creating $alu model for $flatten\bridge1.\fifo_master1.\master1.\master_apb.$ge$/home/vboxuser/Desktop/openlane/testing/apb_master.sv:74$295 ($ge): new $alu
  creating $alu model for $flatten\bridge1.\fifo_master1.\master1.\master_apb.$ge$/home/vboxuser/Desktop/openlane/testing/apb_master.sv:79$298 ($ge): new $alu
  creating $alu model for $flatten\bridge1.\fifo_master1.\master1.\master_apb.$lt$/home/vboxuser/Desktop/openlane/testing/apb_master.sv:69$293 ($lt): merged with $flatten\bridge1.\fifo_master1.\master1.\master_apb.$ge$/home/vboxuser/Desktop/openlane/testing/apb_master.sv:74$295.
  creating $alu model for $flatten\bridge1.\fifo_master1.\master1.\master_apb.$lt$/home/vboxuser/Desktop/openlane/testing/apb_master.sv:74$296 ($lt): merged with $flatten\bridge1.\fifo_master1.\master1.\master_apb.$ge$/home/vboxuser/Desktop/openlane/testing/apb_master.sv:79$298.
  creating $alu model for $flatten\bridge1.\fifo_master1.\master1.\master_apb.$lt$/home/vboxuser/Desktop/openlane/testing/apb_master.sv:79$299 ($lt): new $alu
  creating $alu model for $flatten\core1.\data.\alu1.$lt$/home/vboxuser/Desktop/openlane/testing/alu.sv:36$136 ($lt): new $alu
  creating $alu model for $flatten\core1.\data.\alu1.$lt$/home/vboxuser/Desktop/openlane/testing/alu.sv:42$137 ($lt): new $alu
  creating $alu cell for $flatten\bridge1.\fifo_master1.\master1.\master_apb.$lt$/home/vboxuser/Desktop/openlane/testing/apb_master.sv:79$299: $auto$alumacc.cc:485:replace_alu$2167
  creating $alu cell for $flatten\bridge1.\fifo_master1.\master1.\master_apb.$ge$/home/vboxuser/Desktop/openlane/testing/apb_master.sv:79$298, $flatten\bridge1.\fifo_master1.\master1.\master_apb.$lt$/home/vboxuser/Desktop/openlane/testing/apb_master.sv:74$296: $auto$alumacc.cc:485:replace_alu$2178
  creating $alu cell for $flatten\bridge1.\fifo_master1.\master1.\master_apb.$ge$/home/vboxuser/Desktop/openlane/testing/apb_master.sv:74$295, $flatten\bridge1.\fifo_master1.\master1.\master_apb.$lt$/home/vboxuser/Desktop/openlane/testing/apb_master.sv:69$293: $auto$alumacc.cc:485:replace_alu$2191
  creating $alu cell for $flatten\bridge1.\fifo_master1.\master1.\master_apb.$ge$/home/vboxuser/Desktop/openlane/testing/apb_master.sv:69$292: $auto$alumacc.cc:485:replace_alu$2204
  creating $alu cell for $flatten\bridge1.\fifo_master1.\master1.\apb_slave_pwm1.\pwm_peri.$lt$/home/vboxuser/Desktop/openlane/testing/pwm.sv:77$309: $auto$alumacc.cc:485:replace_alu$2213
  creating $alu cell for $flatten\bridge1.$le$/home/vboxuser/Desktop/openlane/testing/bridge.sv:39$17: $auto$alumacc.cc:485:replace_alu$2224
  creating $alu cell for $flatten\bridge1.$ge$/home/vboxuser/Desktop/openlane/testing/bridge.sv:39$16: $auto$alumacc.cc:485:replace_alu$2237
  creating $alu cell for $flatten\bridge1.\fifo_master1.\fifo1.$add$/home/vboxuser/Desktop/openlane/testing/fifo.sv:48$118: $auto$alumacc.cc:485:replace_alu$2246
  creating $alu cell for $flatten\bridge1.\fifo_master1.\fifo1.$add$/home/vboxuser/Desktop/openlane/testing/fifo.sv:60$122: $auto$alumacc.cc:485:replace_alu$2249
  creating $alu cell for $flatten\bridge1.\fifo_master1.\master1.\apb_slave_pwm1.\pwm_peri.$add$/home/vboxuser/Desktop/openlane/testing/pwm.sv:67$308: $auto$alumacc.cc:485:replace_alu$2252
  creating $alu cell for $flatten\bridge1.\fifo_master1.\master1.\apb_slave_pwm1.\pwm_peri.$sub$/home/vboxuser/Desktop/openlane/testing/pwm.sv:64$306: $auto$alumacc.cc:485:replace_alu$2255
  creating $alu cell for $flatten\bridge1.\fifo_master1.\master1.\apb_slave_timer1.\timer_peri.\decoder_logic1.\normal_time.$add$/home/vboxuser/Desktop/openlane/testing/normal.sv:115$388: $auto$alumacc.cc:485:replace_alu$2258
  creating $alu cell for $flatten\bridge1.\fifo_master1.\master1.\apb_slave_timer1.\timer_peri.\decoder_logic1.\normal_time.$add$/home/vboxuser/Desktop/openlane/testing/normal.sv:97$386: $auto$alumacc.cc:485:replace_alu$2261
  creating $alu cell for $flatten\bridge1.\fifo_master1.\master1.\apb_slave_timer1.\timer_peri.\decoder_logic1.\square_time.$add$/home/vboxuser/Desktop/openlane/testing/square.sv:94$381: $auto$alumacc.cc:485:replace_alu$2264
  creating $alu cell for $flatten\bridge1.\fifo_master1.\master1.\apb_slave_uart1.\uart_soc1.\baud_rate1.$add$/home/vboxuser/Desktop/openlane/testing/baud_rate.sv:43$372: $auto$alumacc.cc:485:replace_alu$2267
  creating $alu cell for $flatten\bridge1.\fifo_master1.\master1.\apb_slave_uart1.\uart_soc1.\baud_rate1.$add$/home/vboxuser/Desktop/openlane/testing/baud_rate.sv:58$375: $auto$alumacc.cc:485:replace_alu$2270
  creating $alu cell for $flatten\bridge1.\fifo_master1.\master1.\apb_slave_uart1.\uart_soc1.\deserializer1.$add$/home/vboxuser/Desktop/openlane/testing/deserializer.sv:84$323: $auto$alumacc.cc:485:replace_alu$2273
  creating $alu cell for $flatten\bridge1.\fifo_master1.\master1.\apb_slave_uart1.\uart_soc1.\serializer1.$add$/home/vboxuser/Desktop/openlane/testing/serializer.sv:87$369: $auto$alumacc.cc:485:replace_alu$2276
  creating $alu cell for $flatten\bridge1.\fifo_master1.\master1.\apb_slave_uart1.\uart_soc1.\uart_rx1.$add$/home/vboxuser/Desktop/openlane/testing/uart_rx.sv:62$341: $auto$alumacc.cc:485:replace_alu$2279
  creating $alu cell for $flatten\bridge1.\fifo_master1.\master1.\apb_slave_uart1.\uart_soc1.\uart_rx1.$add$/home/vboxuser/Desktop/openlane/testing/uart_rx.sv:77$353: $auto$alumacc.cc:485:replace_alu$2282
  creating $alu cell for $flatten\bridge1.\fifo_master1.\master1.\apb_slave_uart1.\uart_soc1.\uart_rx1.$neg$/home/vboxuser/Desktop/openlane/testing/uart_rx.sv:0$345: $auto$alumacc.cc:485:replace_alu$2285
  creating $alu cell for $flatten\bridge1.\fifo_master1.\master1.\apb_slave_uart1.\uart_soc1.\uart_tx1.$add$/home/vboxuser/Desktop/openlane/testing/uart_tx.sv:66$361: $auto$alumacc.cc:485:replace_alu$2288
  creating $alu cell for $flatten\core1.\data.\a1.$add$/home/vboxuser/Desktop/openlane/testing/adder.sv:28$262: $auto$alumacc.cc:485:replace_alu$2291
  creating $alu cell for $flatten\core1.\data.\a2.$add$/home/vboxuser/Desktop/openlane/testing/adder.sv:28$262: $auto$alumacc.cc:485:replace_alu$2294
  creating $alu cell for $flatten\core1.\data.\alu1.$lt$/home/vboxuser/Desktop/openlane/testing/alu.sv:42$137: $auto$alumacc.cc:485:replace_alu$2297
  creating $alu cell for $flatten\core1.\data.\alu1.$lt$/home/vboxuser/Desktop/openlane/testing/alu.sv:36$136: $auto$alumacc.cc:485:replace_alu$2308
  creating $alu cell for $flatten\core1.\data.\alu1.$add$/home/vboxuser/Desktop/openlane/testing/alu.sv:33$133: $auto$alumacc.cc:485:replace_alu$2321
  creating $alu cell for $flatten\core1.\data.\alu1.$sub$/home/vboxuser/Desktop/openlane/testing/alu.sv:34$134: $auto$alumacc.cc:485:replace_alu$2324
  created 28 $alu and 0 $macc cells.

107. Executing SHARE pass (SAT-based resource sharing).
Found 6 cells in module top that may be considered for resource sharing.
  Analyzing resource sharing options for $flatten\dmem1.$memrd$\ram$/home/vboxuser/Desktop/openlane/testing/dmem.sv:53$4 ($memrd):
    Found 1 activation_patterns using ctrl signal { $flatten\core1.\data.\m3.$procmux$1245_CMP $flatten\core1.\data.\r1.$logic_and$/home/vboxuser/Desktop/openlane/testing/register_file.sv:51$192_Y }.
    No candidates found.
  Analyzing resource sharing options for $flatten\core1.\data.\r1.$memrd$\register$/home/vboxuser/Desktop/openlane/testing/register_file.sv:46$185 ($memrd):
    Found 1 activation_patterns using ctrl signal $flatten\core1.\data.\r1.$eq$/home/vboxuser/Desktop/openlane/testing/register_file.sv:46$184_Y.
    Found 1 candidates: $flatten\core1.\data.\r1.$memrd$\register$/home/vboxuser/Desktop/openlane/testing/register_file.sv:45$182
    Analyzing resource sharing with $flatten\core1.\data.\r1.$memrd$\register$/home/vboxuser/Desktop/openlane/testing/register_file.sv:45$182 ($memrd):
      Found 10 activation_patterns using ctrl signal { $flatten\core1.\data.\alu1.$procmux$1217_CMP $flatten\core1.\data.\alu1.$procmux$1229_CMP $flatten\core1.\data.\alu1.$procmux$1232_CMP $flatten\core1.\data.\alu1.$procmux$1233_CMP $flatten\core1.\data.\alu1.$procmux$1234_CMP $flatten\core1.\data.\alu1.$procmux$1235_CMP $flatten\core1.\data.\alu1.$procmux$1236_CMP $flatten\core1.\data.\alu1.$procmux$1239_CMP $flatten\core1.\data.\alu1.$procmux$1240_CMP $flatten\core1.\data.\alu1.$procmux$1241_CMP $flatten\core1.\data.\mm2.$procmux$1206_CMP $flatten\core1.\data.\r1.$eq$/home/vboxuser/Desktop/openlane/testing/register_file.sv:45$181_Y }.
      Forbidden control signals for this pair of cells: { $flatten\bridge1.$logic_and$/home/vboxuser/Desktop/openlane/testing/bridge.sv:47$21_Y $flatten\bridge1.\fifo_master1.\fifo1.$logic_and$/home/vboxuser/Desktop/openlane/testing/fifo.sv:45$114_Y $flatten\core1.\con1.$logic_or$/home/vboxuser/Desktop/openlane/testing/controller.sv:55$99_Y $flatten\core1.\data.\alu1.$lt$/home/vboxuser/Desktop/openlane/testing/alu.sv:36$136_Y $flatten\core1.\data.\alu1.$lt$/home/vboxuser/Desktop/openlane/testing/alu.sv:42$137_Y $flatten\core1.\data.\m1.$procmux$1244_CMP $flatten\core1.\data.\m1.$procmux$1245_CMP $flatten\core1.\data.\m1.$procmux$1246_CMP \mem_write }
      Activation pattern for cell $flatten\core1.\data.\r1.$memrd$\register$/home/vboxuser/Desktop/openlane/testing/register_file.sv:46$185: $flatten\core1.\data.\r1.$eq$/home/vboxuser/Desktop/openlane/testing/register_file.sv:46$184_Y = 1'0
      Activation pattern for cell $flatten\core1.\data.\r1.$memrd$\register$/home/vboxuser/Desktop/openlane/testing/register_file.sv:45$182: { $flatten\core1.\data.\alu1.$procmux$1229_CMP $flatten\core1.\data.\mm2.$procmux$1206_CMP $flatten\core1.\data.\r1.$eq$/home/vboxuser/Desktop/openlane/testing/register_file.sv:45$181_Y } = 3'110
      Activation pattern for cell $flatten\core1.\data.\r1.$memrd$\register$/home/vboxuser/Desktop/openlane/testing/register_file.sv:45$182: { $flatten\core1.\data.\alu1.$procmux$1217_CMP $flatten\core1.\data.\mm2.$procmux$1206_CMP $flatten\core1.\data.\r1.$eq$/home/vboxuser/Desktop/openlane/testing/register_file.sv:45$181_Y } = 3'110
      Activation pattern for cell $flatten\core1.\data.\r1.$memrd$\register$/home/vboxuser/Desktop/openlane/testing/register_file.sv:45$182: { $flatten\core1.\data.\alu1.$procmux$1241_CMP $flatten\core1.\data.\mm2.$procmux$1206_CMP $flatten\core1.\data.\r1.$eq$/home/vboxuser/Desktop/openlane/testing/register_file.sv:45$181_Y } = 3'110
      Activation pattern for cell $flatten\core1.\data.\r1.$memrd$\register$/home/vboxuser/Desktop/openlane/testing/register_file.sv:45$182: { $flatten\core1.\data.\alu1.$procmux$1232_CMP $flatten\core1.\data.\mm2.$procmux$1206_CMP $flatten\core1.\data.\r1.$eq$/home/vboxuser/Desktop/openlane/testing/register_file.sv:45$181_Y } = 3'110
      Activation pattern for cell $flatten\core1.\data.\r1.$memrd$\register$/home/vboxuser/Desktop/openlane/testing/register_file.sv:45$182: { $flatten\core1.\data.\alu1.$procmux$1233_CMP $flatten\core1.\data.\mm2.$procmux$1206_CMP $flatten\core1.\data.\r1.$eq$/home/vboxuser/Desktop/openlane/testing/register_file.sv:45$181_Y } = 3'110
      Activation pattern for cell $flatten\core1.\data.\r1.$memrd$\register$/home/vboxuser/Desktop/openlane/testing/register_file.sv:45$182: { $flatten\core1.\data.\alu1.$procmux$1239_CMP $flatten\core1.\data.\mm2.$procmux$1206_CMP $flatten\core1.\data.\r1.$eq$/home/vboxuser/Desktop/openlane/testing/register_file.sv:45$181_Y } = 3'110
      Activation pattern for cell $flatten\core1.\data.\r1.$memrd$\register$/home/vboxuser/Desktop/openlane/testing/register_file.sv:45$182: { $flatten\core1.\data.\alu1.$procmux$1234_CMP $flatten\core1.\data.\mm2.$procmux$1206_CMP $flatten\core1.\data.\r1.$eq$/home/vboxuser/Desktop/openlane/testing/register_file.sv:45$181_Y } = 3'110
      Activation pattern for cell $flatten\core1.\data.\r1.$memrd$\register$/home/vboxuser/Desktop/openlane/testing/register_file.sv:45$182: { $flatten\core1.\data.\alu1.$procmux$1235_CMP $flatten\core1.\data.\mm2.$procmux$1206_CMP $flatten\core1.\data.\r1.$eq$/home/vboxuser/Desktop/openlane/testing/register_file.sv:45$181_Y } = 3'110
      Activation pattern for cell $flatten\core1.\data.\r1.$memrd$\register$/home/vboxuser/Desktop/openlane/testing/register_file.sv:45$182: { $flatten\core1.\data.\alu1.$procmux$1240_CMP $flatten\core1.\data.\mm2.$procmux$1206_CMP $flatten\core1.\data.\r1.$eq$/home/vboxuser/Desktop/openlane/testing/register_file.sv:45$181_Y } = 3'110
      Activation pattern for cell $flatten\core1.\data.\r1.$memrd$\register$/home/vboxuser/Desktop/openlane/testing/register_file.sv:45$182: { $flatten\core1.\data.\alu1.$procmux$1236_CMP $flatten\core1.\data.\mm2.$procmux$1206_CMP $flatten\core1.\data.\r1.$eq$/home/vboxuser/Desktop/openlane/testing/register_file.sv:45$181_Y } = 3'110
      Size of SAT problem: 0 cells, 584 variables, 1667 clauses
      According to the SAT solver this pair of cells can not be shared.
      Model from SAT solver: { $flatten\core1.\data.\alu1.$procmux$1217_CMP $flatten\core1.\data.\alu1.$procmux$1229_CMP $flatten\core1.\data.\alu1.$procmux$1232_CMP $flatten\core1.\data.\alu1.$procmux$1233_CMP $flatten\core1.\data.\alu1.$procmux$1234_CMP $flatten\core1.\data.\alu1.$procmux$1235_CMP $flatten\core1.\data.\alu1.$procmux$1236_CMP $flatten\core1.\data.\alu1.$procmux$1239_CMP $flatten\core1.\data.\alu1.$procmux$1240_CMP $flatten\core1.\data.\alu1.$procmux$1241_CMP $flatten\core1.\data.\mm2.$procmux$1206_CMP $flatten\core1.\data.\r1.$eq$/home/vboxuser/Desktop/openlane/testing/register_file.sv:45$181_Y $flatten\core1.\data.\r1.$eq$/home/vboxuser/Desktop/openlane/testing/register_file.sv:46$184_Y } = 13'0000000001100
  Analyzing resource sharing options for $flatten\core1.\data.\r1.$memrd$\register$/home/vboxuser/Desktop/openlane/testing/register_file.sv:45$182 ($memrd):
    Found 10 activation_patterns using ctrl signal { $flatten\core1.\data.\alu1.$procmux$1217_CMP $flatten\core1.\data.\alu1.$procmux$1229_CMP $flatten\core1.\data.\alu1.$procmux$1232_CMP $flatten\core1.\data.\alu1.$procmux$1233_CMP $flatten\core1.\data.\alu1.$procmux$1234_CMP $flatten\core1.\data.\alu1.$procmux$1235_CMP $flatten\core1.\data.\alu1.$procmux$1236_CMP $flatten\core1.\data.\alu1.$procmux$1239_CMP $flatten\core1.\data.\alu1.$procmux$1240_CMP $flatten\core1.\data.\alu1.$procmux$1241_CMP $flatten\core1.\data.\mm2.$procmux$1206_CMP $flatten\core1.\data.\r1.$eq$/home/vboxuser/Desktop/openlane/testing/register_file.sv:45$181_Y }.
    No candidates found.
  Analyzing resource sharing options for $flatten\core1.\data.\alu1.$sshr$/home/vboxuser/Desktop/openlane/testing/alu.sv:49$139 ($sshr):
    Found 1 activation_patterns using ctrl signal $flatten\core1.\data.\alu1.$procmux$1235_CMP.
    No candidates found.
  Analyzing resource sharing options for $flatten\core1.\data.\alu1.$shr$/home/vboxuser/Desktop/openlane/testing/alu.sv:50$140 ($shr):
    Found 1 activation_patterns using ctrl signal $flatten\core1.\data.\alu1.$procmux$1234_CMP.
    No candidates found.
  Analyzing resource sharing options for $flatten\core1.\data.\alu1.$shl$/home/vboxuser/Desktop/openlane/testing/alu.sv:35$135 ($shl):
    Found 1 activation_patterns using ctrl signal $flatten\core1.\data.\alu1.$procmux$1239_CMP.
    No candidates found.

108. Executing OPT_EXPR pass (perform const folding).
Optimizing module top.
<suppressed ~2 debug messages>

109. Executing OPT_MERGE pass (detect identical cells).
Finding identical cells in module `\top'.
Removed a total of 0 cells.

110. Executing OPT_MUXTREE pass (detect dead branches in mux trees).
Running muxtree optimizer on module \top..
  Creating internal representation of mux trees.
  Evaluating internal representation of mux trees.
  Analyzing evaluation results.
Removed 0 multiplexer ports.
<suppressed ~60 debug messages>

111. Executing OPT_REDUCE pass (consolidate $*mux and $reduce_* inputs).
  Optimizing cells in module \top.
Performed a total of 0 changes.

112. Executing OPT_MERGE pass (detect identical cells).
Finding identical cells in module `\top'.
Removed a total of 0 cells.

113. Executing OPT_DFF pass (perform DFF optimizations).

114. Executing OPT_CLEAN pass (remove unused cells and wires).
Finding unused cells or wires in module \top..
Removed 2 unused cells and 13 unused wires.
<suppressed ~3 debug messages>

115. Executing OPT_EXPR pass (perform const folding).
Optimizing module top.

116. Rerunning OPT passes. (Maybe there is more to do…)

117. Executing OPT_MUXTREE pass (detect dead branches in mux trees).
Running muxtree optimizer on module \top..
  Creating internal representation of mux trees.
  Evaluating internal representation of mux trees.
  Analyzing evaluation results.
Removed 0 multiplexer ports.
<suppressed ~60 debug messages>

118. Executing OPT_REDUCE pass (consolidate $*mux and $reduce_* inputs).
  Optimizing cells in module \top.
Performed a total of 0 changes.

119. Executing OPT_MERGE pass (detect identical cells).
Finding identical cells in module `\top'.
Removed a total of 0 cells.

120. Executing OPT_DFF pass (perform DFF optimizations).

121. Executing OPT_CLEAN pass (remove unused cells and wires).
Finding unused cells or wires in module \top..

122. Executing OPT_EXPR pass (perform const folding).
Optimizing module top.

123. Executing MEMORY pass.

123.1. Executing OPT_MEM pass (optimize memories).
top.imem1.ram: removing const-1 lane 0
top.imem1.ram: removing const-1 lane 1
top.imem1.ram: removing const-0 lane 3
top.imem1.ram: removing const-0 lane 11
top.imem1.ram: removing const-0 lane 12
top.imem1.ram: removing const-0 lane 14
Performed a total of 1 transformations.

123.2. Executing OPT_MEM_PRIORITY pass (removing unnecessary memory write priority relations).
Performed a total of 0 transformations.

123.3. Executing OPT_MEM_FEEDBACK pass (finding memory read-to-write feedback paths).
  Analyzing top.bridge1.fifo_master1.fifo1.array write port 0.
  Analyzing top.core1.data.r1.register write port 0.
  Analyzing top.dmem1.ram write port 0.

123.4. Executing MEMORY_BMUX2ROM pass (converting muxes to ROMs).

123.5. Executing MEMORY_DFF pass (merging $dff cells to $memrd).
Checking read port `\bridge1.fifo_master1.fifo1.array'[0] in module `\top': no output FF found.
Checking read port `\core1.data.r1.register'[0] in module `\top': no output FF found.
Checking read port `\core1.data.r1.register'[1] in module `\top': no output FF found.
Checking read port `\dmem1.ram'[0] in module `\top': no output FF found.
Checking read port `\imem1.ram'[0] in module `\top': no output FF found.
Checking read port address `\bridge1.fifo_master1.fifo1.array'[0] in module `\top': merged address FF to cell.
Checking read port address `\core1.data.r1.register'[0] in module `\top': no address FF found.
Checking read port address `\core1.data.r1.register'[1] in module `\top': no address FF found.
Checking read port address `\dmem1.ram'[0] in module `\top': no address FF found.
Checking read port address `\imem1.ram'[0] in module `\top': merged address FF to cell.

123.6. Executing OPT_CLEAN pass (remove unused cells and wires).
Finding unused cells or wires in module \top..

123.7. Executing MEMORY_SHARE pass (consolidating $memrd/$memwr cells).
Consolidating read ports of memory top.core1.data.r1.register by address:

123.8. Executing OPT_MEM_WIDEN pass (optimize memories where all ports are wide).
Performed a total of 0 transformations.

123.9. Executing OPT_CLEAN pass (remove unused cells and wires).
Finding unused cells or wires in module \top..

123.10. Executing MEMORY_COLLECT pass (generating $mem cells).

124. Executing OPT_CLEAN pass (remove unused cells and wires).
Finding unused cells or wires in module \top..

125. Executing OPT_EXPR pass (perform const folding).
Optimizing module top.
<suppressed ~125 debug messages>

126. Executing OPT_MERGE pass (detect identical cells).
Finding identical cells in module `\top'.
Removed a total of 0 cells.

127. Executing OPT_DFF pass (perform DFF optimizations).
Adding EN signal on $auto$ff.cc:266:slice$1875 ($sdff) from module top (D = \core1.data.d_ff1.d [1:0], Q = \core1.data.d_ff1.out [1:0]).
Adding SRST signal on $auto$ff.cc:266:slice$2127 ($dffe) from module top (D = \bridge1.fifo_master1.master1.apb_slave_timer1.p_data [15:0], Q = \bridge1.fifo_master1.master1.apb_slave_timer1.timer_peri.control_logic1.bit_16, rval = 16'0000000000000000).
Adding SRST signal on $auto$ff.cc:266:slice$2124 ($dffe) from module top (D = \bridge1.fifo_master1.master1.apb_slave_timer1.p_data [23:16], Q = \bridge1.fifo_master1.master1.apb_slave_timer1.timer_peri.control_logic1.counter_value, rval = 8'00000000).

128. Executing OPT_CLEAN pass (remove unused cells and wires).
Finding unused cells or wires in module \top..
Removed 14 unused cells and 80 unused wires.
<suppressed ~15 debug messages>

129. Rerunning OPT passes (Removed registers in this run.)

130. Executing OPT_EXPR pass (perform const folding).
Optimizing module top.
<suppressed ~1 debug messages>

131. Executing OPT_MERGE pass (detect identical cells).
Finding identical cells in module `\top'.
<suppressed ~3 debug messages>
Removed a total of 1 cells.

132. Executing OPT_DFF pass (perform DFF optimizations).

133. Executing OPT_CLEAN pass (remove unused cells and wires).
Finding unused cells or wires in module \top..
Removed 0 unused cells and 1 unused wires.
<suppressed ~1 debug messages>

134. Executing MEMORY_MAP pass (converting memories to logic and flip-flops).
Mapping memory \bridge1.fifo_master1.fifo1.array in module \top:
  created 4 $dff cells and 0 static cells of width 64.
Extracted addr FF from read port 0 of top.bridge1.fifo_master1.fifo1.array: $\bridge1.fifo_master1.fifo1.array$rdreg[0]
  read interface: 1 $dff and 3 $mux cells.
  write interface: 4 write mux blocks.
Mapping memory \core1.data.r1.register in module \top:
  created 32 $dff cells and 0 static cells of width 32.
  read interface: 0 $dff and 62 $mux cells.
  write interface: 32 write mux blocks.
Mapping memory \dmem1.ram in module \top:
  created 11 $dff cells and 0 static cells of width 32.
  read interface: 0 $dff and 15 $mux cells.
  write interface: 11 write mux blocks.
Mapping memory \imem1.ram in module \top:
  created 22 $dff cells and 0 static cells of width 26.
Extracted data FF from read port 0 of top.imem1.ram: $\imem1.ram$rdreg[0]
  read interface: 1 $dff and 31 $mux cells.
  write interface: 0 write mux blocks.

135. Executing OPT_EXPR pass (perform const folding).
Optimizing module top.
<suppressed ~115 debug messages>

136. Executing OPT_MERGE pass (detect identical cells).
Finding identical cells in module `\top'.
Removed a total of 0 cells.

137. Executing OPT_MUXTREE pass (detect dead branches in mux trees).
Running muxtree optimizer on module \top..
  Creating internal representation of mux trees.
  Evaluating internal representation of mux trees.
  Analyzing evaluation results.
    dead port 1/8 on $pmux $flatten\core1.\con1.\a1.$procmux$1283.
    dead port 2/8 on $pmux $flatten\core1.\con1.\a1.$procmux$1283.
    dead port 3/8 on $pmux $flatten\core1.\con1.\a1.$procmux$1283.
    dead port 4/8 on $pmux $flatten\core1.\con1.\a1.$procmux$1283.
    dead port 5/8 on $pmux $flatten\core1.\con1.\a1.$procmux$1283.
    dead port 7/8 on $pmux $flatten\core1.\con1.\a1.$procmux$1283.
    dead port 3/8 on $pmux $flatten\core1.\con1.\d1.$procmux$1248.
Removed 7 multiplexer ports.
<suppressed ~68 debug messages>

138. Executing OPT_REDUCE pass (consolidate $*mux and $reduce_* inputs).
  Optimizing cells in module \top.
    Consolidated identical input bits for $mux cell $memory\imem1.ram$rdmux[0][4][6]$3122:
      Old ports: A=26'00001110000000000010110111, B=26'00000000101001011010110010, Y=$memory\imem1.ram$rdmux[0][3][3]$a$3090
      New ports: A=2'01, B=2'10, Y={ $memory\imem1.ram$rdmux[0][3][3]$a$3090 [9] $memory\imem1.ram$rdmux[0][3][3]$a$3090 [0] }
      New connections: { $memory\imem1.ram$rdmux[0][3][3]$a$3090 [25:10] $memory\imem1.ram$rdmux[0][3][3]$a$3090 [8:1] } = { 4'0000 $memory\imem1.ram$rdmux[0][3][3]$a$3090 [0] $memory\imem1.ram$rdmux[0][3][3]$a$3090 [0] $memory\imem1.ram$rdmux[0][3][3]$a$3090 [0] 1'0 $memory\imem1.ram$rdmux[0][3][3]$a$3090 [9] 1'0 $memory\imem1.ram$rdmux[0][3][3]$a$3090 [9] 2'00 $memory\imem1.ram$rdmux[0][3][3]$a$3090 [9] 1'0 $memory\imem1.ram$rdmux[0][3][3]$a$3090 [9] 6'010110 $memory\imem1.ram$rdmux[0][3][3]$a$3090 [0] 1'1 }
    Consolidated identical input bits for $mux cell $memory\imem1.ram$rdmux[0][4][5]$3119:
      Old ports: A=26'00000000011001011010110010, B=26'00000000101101010100000100, Y=$memory\imem1.ram$rdmux[0][3][2]$b$3088
      New ports: A=2'01, B=2'10, Y=$memory\imem1.ram$rdmux[0][3][2]$b$3088 [2:1]
      New connections: { $memory\imem1.ram$rdmux[0][3][2]$b$3088 [25:3] $memory\imem1.ram$rdmux[0][3][2]$b$3088 [0] } = { 8'00000000 $memory\imem1.ram$rdmux[0][3][2]$b$3088 [2:1] 1'1 $memory\imem1.ram$rdmux[0][3][2]$b$3088 [2] 4'0101 $memory\imem1.ram$rdmux[0][3][2]$b$3088 [1] $memory\imem1.ram$rdmux[0][3][2]$b$3088 [2:1] 1'0 $memory\imem1.ram$rdmux[0][3][2]$b$3088 [1] $memory\imem1.ram$rdmux[0][3][2]$b$3088 [1] 2'00 }
    Consolidated identical input bits for $mux cell $memory\imem1.ram$rdmux[0][4][2]$3110:
      Old ports: A=26'00000000100001010010100010, B=26'00000000000010100010110111, Y=$memory\imem1.ram$rdmux[0][3][1]$a$3084
      New ports: A=2'10, B=2'01, Y={ $memory\imem1.ram$rdmux[0][3][1]$a$3084 [10] $memory\imem1.ram$rdmux[0][3][1]$a$3084 [0] }
      New connections: { $memory\imem1.ram$rdmux[0][3][1]$a$3084 [25:11] $memory\imem1.ram$rdmux[0][3][1]$a$3084 [9:1] } = { 8'00000000 $memory\imem1.ram$rdmux[0][3][1]$a$3084 [10] 3'000 $memory\imem1.ram$rdmux[0][3][1]$a$3084 [0] $memory\imem1.ram$rdmux[0][3][1]$a$3084 [10] $memory\imem1.ram$rdmux[0][3][1]$a$3084 [0] 5'00101 $memory\imem1.ram$rdmux[0][3][1]$a$3084 [0] 1'0 $memory\imem1.ram$rdmux[0][3][1]$a$3084 [0] 1'1 }
    Consolidated identical input bits for $mux cell $memory\imem1.ram$rdmux[0][4][4]$3116:
      Old ports: A=26'00000000010001010010100010, B=26'00001100000010100010110111, Y=$memory\imem1.ram$rdmux[0][3][2]$a$3087
      New ports: A=2'10, B=2'01, Y={ $memory\imem1.ram$rdmux[0][3][2]$a$3087 [10] $memory\imem1.ram$rdmux[0][3][2]$a$3087 [0] }
      New connections: { $memory\imem1.ram$rdmux[0][3][2]$a$3087 [25:11] $memory\imem1.ram$rdmux[0][3][2]$a$3087 [9:1] } = { 4'0000 $memory\imem1.ram$rdmux[0][3][2]$a$3087 [0] $memory\imem1.ram$rdmux[0][3][2]$a$3087 [0] 3'000 $memory\imem1.ram$rdmux[0][3][2]$a$3087 [10] 2'00 $memory\imem1.ram$rdmux[0][3][2]$a$3087 [0] $memory\imem1.ram$rdmux[0][3][2]$a$3087 [10] $memory\imem1.ram$rdmux[0][3][2]$a$3087 [0] 5'00101 $memory\imem1.ram$rdmux[0][3][2]$a$3087 [0] 1'0 $memory\imem1.ram$rdmux[0][3][2]$a$3087 [0] 1'1 }
    Consolidated identical input bits for $mux cell $memory\imem1.ram$rdmux[0][4][0]$3104:
      Old ports: A=26'01000000000000000010100111, B=26'01001000011010010110110111, Y=$memory\imem1.ram$rdmux[0][3][0]$a$3081
      New ports: A=1'0, B=1'1, Y=$memory\imem1.ram$rdmux[0][3][0]$a$3081 [4]
      New connections: { $memory\imem1.ram$rdmux[0][3][0]$a$3081 [25:5] $memory\imem1.ram$rdmux[0][3][0]$a$3081 [3:0] } = { 4'0100 $memory\imem1.ram$rdmux[0][3][0]$a$3081 [4] 4'0000 $memory\imem1.ram$rdmux[0][3][0]$a$3081 [4] $memory\imem1.ram$rdmux[0][3][0]$a$3081 [4] 1'0 $memory\imem1.ram$rdmux[0][3][0]$a$3081 [4] 2'00 $memory\imem1.ram$rdmux[0][3][0]$a$3081 [4] 1'0 $memory\imem1.ram$rdmux[0][3][0]$a$3081 [4] 7'1010111 }
    Consolidated identical input bits for $mux cell $memory\imem1.ram$rdmux[0][4][1]$3107:
      Old ports: A=26'00010010000101011010110010, B=26'00000000101101010100000100, Y=$memory\imem1.ram$rdmux[0][3][0]$b$3082
      New ports: A=2'01, B=2'10, Y=$memory\imem1.ram$rdmux[0][3][0]$b$3082 [2:1]
      New connections: { $memory\imem1.ram$rdmux[0][3][0]$b$3082 [25:3] $memory\imem1.ram$rdmux[0][3][0]$b$3082 [0] } = { 3'000 $memory\imem1.ram$rdmux[0][3][0]$b$3082 [1] 2'00 $memory\imem1.ram$rdmux[0][3][0]$b$3082 [1] 1'0 $memory\imem1.ram$rdmux[0][3][0]$b$3082 [2] 1'0 $memory\imem1.ram$rdmux[0][3][0]$b$3082 [2] 5'10101 $memory\imem1.ram$rdmux[0][3][0]$b$3082 [1] $memory\imem1.ram$rdmux[0][3][0]$b$3082 [2:1] 1'0 $memory\imem1.ram$rdmux[0][3][0]$b$3082 [1] $memory\imem1.ram$rdmux[0][3][0]$b$3082 [1] 2'00 }
    Consolidated identical input bits for $mux cell $memory\imem1.ram$rdmux[0][4][7]$3125:
      Old ports: A=26'00000000101101010100000100, B=26'00000000111100000000010010, Y=$memory\imem1.ram$rdmux[0][3][3]$b$3091
      New ports: A=2'10, B=2'01, Y=$memory\imem1.ram$rdmux[0][3][3]$b$3091 [2:1]
      New connections: { $memory\imem1.ram$rdmux[0][3][3]$b$3091 [25:3] $memory\imem1.ram$rdmux[0][3][3]$b$3091 [0] } = { 9'000000001 $memory\imem1.ram$rdmux[0][3][3]$b$3091 [1] 3'110 $memory\imem1.ram$rdmux[0][3][3]$b$3091 [2] 1'0 $memory\imem1.ram$rdmux[0][3][3]$b$3091 [2] 1'0 $memory\imem1.ram$rdmux[0][3][3]$b$3091 [2] 3'000 $memory\imem1.ram$rdmux[0][3][3]$b$3091 [1] 2'00 }
    Consolidated identical input bits for $mux cell $memory\imem1.ram$rdmux[0][4][3]$3113:
      Old ports: A=26'00000000001101011010110010, B=26'00000000101101010100000100, Y=$memory\imem1.ram$rdmux[0][3][1]$b$3085
      New ports: A=2'01, B=2'10, Y=$memory\imem1.ram$rdmux[0][3][1]$b$3085 [2:1]
      New connections: { $memory\imem1.ram$rdmux[0][3][1]$b$3085 [25:3] $memory\imem1.ram$rdmux[0][3][1]$b$3085 [0] } = { 8'00000000 $memory\imem1.ram$rdmux[0][3][1]$b$3085 [2] 7'0110101 $memory\imem1.ram$rdmux[0][3][1]$b$3085 [1] $memory\imem1.ram$rdmux[0][3][1]$b$3085 [2:1] 1'0 $memory\imem1.ram$rdmux[0][3][1]$b$3085 [1] $memory\imem1.ram$rdmux[0][3][1]$b$3085 [1] 2'00 }
    Consolidated identical input bits for $mux cell $memory\imem1.ram$rdmux[0][4][9]$3131:
      Old ports: A=26'01000000000100011001000110, B=26'00000000010000011001010110, Y=$memory\imem1.ram$rdmux[0][3][4]$b$3094
      New ports: A=2'10, B=2'01, Y={ $memory\imem1.ram$rdmux[0][3][4]$b$3094 [14] $memory\imem1.ram$rdmux[0][3][4]$b$3094 [4] }
      New connections: { $memory\imem1.ram$rdmux[0][3][4]$b$3094 [25:15] $memory\imem1.ram$rdmux[0][3][4]$b$3094 [13:5] $memory\imem1.ram$rdmux[0][3][4]$b$3094 [3:0] } = { 1'0 $memory\imem1.ram$rdmux[0][3][4]$b$3094 [14] 7'0000000 $memory\imem1.ram$rdmux[0][3][4]$b$3094 [4] 14'00001100100110 }
    Consolidated identical input bits for $mux cell $memory\imem1.ram$rdmux[0][4][8]$3128:
      Old ports: A=26'00000001010000000000100010, B=26'00000000001000001000110110, Y=$memory\imem1.ram$rdmux[0][3][4]$a$3093
      New ports: A=2'10, B=2'01, Y={ $memory\imem1.ram$rdmux[0][3][4]$a$3093 [16] $memory\imem1.ram$rdmux[0][3][4]$a$3093 [2] }
      New connections: { $memory\imem1.ram$rdmux[0][3][4]$a$3093 [25:17] $memory\imem1.ram$rdmux[0][3][4]$a$3093 [15:3] $memory\imem1.ram$rdmux[0][3][4]$a$3093 [1:0] } = { 7'0000000 $memory\imem1.ram$rdmux[0][3][4]$a$3093 [16] 1'0 $memory\imem1.ram$rdmux[0][3][4]$a$3093 [2] 5'00000 $memory\imem1.ram$rdmux[0][3][4]$a$3093 [2] 4'0001 $memory\imem1.ram$rdmux[0][3][4]$a$3093 [2] 3'010 }
    New ctrl vector for $pmux cell $flatten\bridge1.\fifo_master1.\master1.\apb_slave_uart1.\uart_soc1.\uart_tx1.$procmux$574: { $flatten\bridge1.\fifo_master1.\master1.\apb_slave_uart1.\uart_soc1.\uart_tx1.$procmux$581_CMP $flatten\bridge1.\fifo_master1.\master1.\apb_slave_uart1.\uart_soc1.\uart_tx1.$procmux$565_CMP }
    New ctrl vector for $pmux cell $flatten\bridge1.\fifo_master1.\master1.\master_apb.$procmux$1025: \bridge1.fifo_master1.master1.master_apb.state [2]
    Consolidated identical input bits for $mux cell $flatten\core1.\con1.\a1.$procmux$1283:
      Old ports: A={ 3'000 $flatten\core1.\con1.\a1.$3\alu_con[3:0] [0] }, B=4'0011, Y=$flatten\core1.\con1.\a1.$2\alu_con[3:0]
      New ports: A={ 1'0 $flatten\core1.\con1.\a1.$3\alu_con[3:0] [0] }, B=2'11, Y=$flatten\core1.\con1.\a1.$2\alu_con[3:0] [1:0]
      New connections: $flatten\core1.\con1.\a1.$2\alu_con[3:0] [3:2] = 2'00
    Consolidated identical input bits for $pmux cell $flatten\core1.\con1.\d1.$procmux$1248:
      Old ports: A=13'1000100100000, B=78'000111xx000001xxx000001000001000xx10100100010000100010001010000101100100000001, Y=\core1.con1.d1.controls
      New ports: A=12'100010010000, B=72'000111xx00001xxx00001000001000xx0100100010001000100010100010110010000001, Y={ \core1.con1.d1.controls [12:5] \core1.con1.d1.controls [3:0] }
      New connections: \core1.con1.d1.controls [4] = \core1.con1.d1.controls [2]
    Consolidated identical input bits for $pmux cell $flatten\core1.\data.\e1.$procmux$1198:
      Old ports: A={ \core1.data.e1.instr [31] \core1.data.e1.instr [31] \core1.data.e1.instr [31] \core1.data.e1.instr [31] \core1.data.e1.instr [31] \core1.data.e1.instr [31] \core1.data.e1.instr [31] \core1.data.e1.instr [31] \core1.data.e1.instr [31] \core1.data.e1.instr [31] \core1.data.e1.instr [31] \core1.data.e1.instr [31] \core1.data.e1.instr [31] \core1.data.e1.instr [31] \core1.data.e1.instr [31] \core1.data.e1.instr [31] \core1.data.e1.instr [31] \core1.data.e1.instr [31] \core1.data.e1.instr [31] \core1.data.e1.instr [31] \core1.data.e1.instr [31:20] }, B={ \core1.data.e1.instr [31] \core1.data.e1.instr [31] \core1.data.e1.instr [31] \core1.data.e1.instr [31] \core1.data.e1.instr [31] \core1.data.e1.instr [31] \core1.data.e1.instr [31] \core1.data.e1.instr [31] \core1.data.e1.instr [31] \core1.data.e1.instr [31] \core1.data.e1.instr [31] \core1.data.e1.instr [31] \core1.data.e1.instr [31] \core1.data.e1.instr [31] \core1.data.e1.instr [31] \core1.data.e1.instr [31] \core1.data.e1.instr [31] \core1.data.e1.instr [31] \core1.data.e1.instr [31] \core1.data.e1.instr [31] \core1.data.e1.instr [31:25] 1'0 \core1.data.e1.instr [10:7] \core1.data.e1.instr [31] \core1.data.e1.instr [31] \core1.data.e1.instr [31] \core1.data.e1.instr [31] \core1.data.e1.instr [31] \core1.data.e1.instr [31] \core1.data.e1.instr [31] \core1.data.e1.instr [31] \core1.data.e1.instr [31] \core1.data.e1.instr [31] \core1.data.e1.instr [31] \core1.data.e1.instr [31] \core1.data.e1.instr [31] \core1.data.e1.instr [31] \core1.data.e1.instr [31] \core1.data.e1.instr [31] \core1.data.e1.instr [31] \core1.data.e1.instr [31] \core1.data.e1.instr [31] \core1.data.e1.instr [31] \core1.data.e1.instr [7] \core1.data.e1.instr [30:25] 1'0 \core1.data.e1.instr [10:8] 1'0 \core1.data.e1.instr [31] \core1.data.e1.instr [31] \core1.data.e1.instr [31] \core1.data.e1.instr [31] \core1.data.e1.instr [31] \core1.data.e1.instr [31] \core1.data.e1.instr [31] \core1.data.e1.instr [31] \core1.data.e1.instr [31] \core1.data.e1.instr [31] \core1.data.e1.instr [31] \core1.data.e1.instr [31] \core1.data.e1.instr [19:15] 1'0 \core1.data.e1.instr [13] 1'0 \core1.data.e1.instr [20] \core1.data.e1.instr [30:21] 1'0 \core1.data.e1.instr [31:15] 1'0 \core1.data.e1.instr [13] 13'0000000000000 }, Y=\core1.data.a2.b
      New ports: A={ \core1.data.e1.instr [31] \core1.data.e1.instr [31] \core1.data.e1.instr [31] \core1.data.e1.instr [31] \core1.data.e1.instr [31] \core1.data.e1.instr [31] \core1.data.e1.instr [31] \core1.data.e1.instr [31] \core1.data.e1.instr [31] \core1.data.e1.instr [31] \core1.data.e1.instr [31] \core1.data.e1.instr [31] \core1.data.e1.instr [31] \core1.data.e1.instr [31] \core1.data.e1.instr [31] \core1.data.e1.instr [31] \core1.data.e1.instr [31] \core1.data.e1.instr [31] \core1.data.e1.instr [31:20] }, B={ \core1.data.e1.instr [31] \core1.data.e1.instr [31] \core1.data.e1.instr [31] \core1.data.e1.instr [31] \core1.data.e1.instr [31] \core1.data.e1.instr [31] \core1.data.e1.instr [31] \core1.data.e1.instr [31] \core1.data.e1.instr [31] \core1.data.e1.instr [31] \core1.data.e1.instr [31] \core1.data.e1.instr [31] \core1.data.e1.instr [31] \core1.data.e1.instr [31] \core1.data.e1.instr [31] \core1.data.e1.instr [31] \core1.data.e1.instr [31] \core1.data.e1.instr [31] \core1.data.e1.instr [31:25] 1'0 \core1.data.e1.instr [10:7] \core1.data.e1.instr [31] \core1.data.e1.instr [31] \core1.data.e1.instr [31] \core1.data.e1.instr [31] \core1.data.e1.instr [31] \core1.data.e1.instr [31] \core1.data.e1.instr [31] \core1.data.e1.instr [31] \core1.data.e1.instr [31] \core1.data.e1.instr [31] \core1.data.e1.instr [31] \core1.data.e1.instr [31] \core1.data.e1.instr [31] \core1.data.e1.instr [31] \core1.data.e1.instr [31] \core1.data.e1.instr [31] \core1.data.e1.instr [31] \core1.data.e1.instr [31] \core1.data.e1.instr [7] \core1.data.e1.instr [30:25] 1'0 \core1.data.e1.instr [10:8] 1'0 \core1.data.e1.instr [31] \core1.data.e1.instr [31] \core1.data.e1.instr [31] \core1.data.e1.instr [31] \core1.data.e1.instr [31] \core1.data.e1.instr [31] \core1.data.e1.instr [31] \core1.data.e1.instr [31] \core1.data.e1.instr [31] \core1.data.e1.instr [31] \core1.data.e1.instr [31] \core1.data.e1.instr [19:15] \core1.data.e1.instr [13] 1'0 \core1.data.e1.instr [20] \core1.data.e1.instr [30:21] 1'0 \core1.data.e1.instr [30:15] \core1.data.e1.instr [13] 13'0000000000000 }, Y={ \core1.data.a2.b [30:15] \core1.data.a2.b [13:0] }
      New connections: { \core1.data.a2.b [31] \core1.data.a2.b [14] } = { \core1.data.e1.instr [31] \core1.data.a2.b [12] }
    Consolidated identical input bits for $mux cell $memory\imem1.ram$rdmux[0][4][10]$3134:
      Old ports: A=26'11111111011000101001100010, B=26'00000000000000000000001100, Y=$memory\imem1.ram$rdmux[0][3][5]$a$3096
      New ports: A=2'01, B=2'10, Y=$memory\imem1.ram$rdmux[0][3][5]$a$3096 [2:1]
      New connections: { $memory\imem1.ram$rdmux[0][3][5]$a$3096 [25:3] $memory\imem1.ram$rdmux[0][3][5]$a$3096 [0] } = { $memory\imem1.ram$rdmux[0][3][5]$a$3096 [1] $memory\imem1.ram$rdmux[0][3][5]$a$3096 [1] $memory\imem1.ram$rdmux[0][3][5]$a$3096 [1] $memory\imem1.ram$rdmux[0][3][5]$a$3096 [1] $memory\imem1.ram$rdmux[0][3][5]$a$3096 [1] $memory\imem1.ram$rdmux[0][3][5]$a$3096 [1] $memory\imem1.ram$rdmux[0][3][5]$a$3096 [1] $memory\imem1.ram$rdmux[0][3][5]$a$3096 [1] 1'0 $memory\imem1.ram$rdmux[0][3][5]$a$3096 [1] $memory\imem1.ram$rdmux[0][3][5]$a$3096 [1] 3'000 $memory\imem1.ram$rdmux[0][3][5]$a$3096 [1] 1'0 $memory\imem1.ram$rdmux[0][3][5]$a$3096 [1] 2'00 $memory\imem1.ram$rdmux[0][3][5]$a$3096 [1] $memory\imem1.ram$rdmux[0][3][5]$a$3096 [1] 1'0 $memory\imem1.ram$rdmux[0][3][5]$a$3096 [2] 1'0 }
  Optimizing cells in module \top.
    Consolidated identical input bits for $mux cell $memory\imem1.ram$rdmux[0][3][5]$3095:
      Old ports: A=$memory\imem1.ram$rdmux[0][3][5]$a$3096, B=26'x, Y=$memory\imem1.ram$rdmux[0][2][2]$b$3076
      New ports: A={ $memory\imem1.ram$rdmux[0][3][5]$a$3096 [2:1] 1'0 }, B=3'x, Y=$memory\imem1.ram$rdmux[0][2][2]$b$3076 [2:0]
      New connections: $memory\imem1.ram$rdmux[0][2][2]$b$3076 [25:3] = { $memory\imem1.ram$rdmux[0][2][2]$b$3076 [1] $memory\imem1.ram$rdmux[0][2][2]$b$3076 [1] $memory\imem1.ram$rdmux[0][2][2]$b$3076 [1] $memory\imem1.ram$rdmux[0][2][2]$b$3076 [1] $memory\imem1.ram$rdmux[0][2][2]$b$3076 [1] $memory\imem1.ram$rdmux[0][2][2]$b$3076 [1] $memory\imem1.ram$rdmux[0][2][2]$b$3076 [1] $memory\imem1.ram$rdmux[0][2][2]$b$3076 [1:0] $memory\imem1.ram$rdmux[0][2][2]$b$3076 [1] $memory\imem1.ram$rdmux[0][2][2]$b$3076 [1:0] $memory\imem1.ram$rdmux[0][2][2]$b$3076 [0] $memory\imem1.ram$rdmux[0][2][2]$b$3076 [0] $memory\imem1.ram$rdmux[0][2][2]$b$3076 [1:0] $memory\imem1.ram$rdmux[0][2][2]$b$3076 [1:0] $memory\imem1.ram$rdmux[0][2][2]$b$3076 [0] $memory\imem1.ram$rdmux[0][2][2]$b$3076 [1] $memory\imem1.ram$rdmux[0][2][2]$b$3076 [1:0] $memory\imem1.ram$rdmux[0][2][2]$b$3076 [2] }
    Consolidated identical input bits for $mux cell $memory\imem1.ram$rdmux[0][3][0]$3080:
      Old ports: A=$memory\imem1.ram$rdmux[0][3][0]$a$3081, B=$memory\imem1.ram$rdmux[0][3][0]$b$3082, Y=$memory\imem1.ram$rdmux[0][2][0]$a$3069
      New ports: A={ 1'0 $memory\imem1.ram$rdmux[0][3][0]$a$3081 [4] 1'0 $memory\imem1.ram$rdmux[0][3][0]$a$3081 [4] 1'0 $memory\imem1.ram$rdmux[0][3][0]$a$3081 [4] $memory\imem1.ram$rdmux[0][3][0]$a$3081 [4] 3'111 }, B={ $memory\imem1.ram$rdmux[0][3][0]$b$3082 [2] 3'011 $memory\imem1.ram$rdmux[0][3][0]$b$3082 [1] $memory\imem1.ram$rdmux[0][3][0]$b$3082 [2:1] $memory\imem1.ram$rdmux[0][3][0]$b$3082 [2:1] 1'0 }, Y={ $memory\imem1.ram$rdmux[0][2][0]$a$3069 [17] $memory\imem1.ram$rdmux[0][2][0]$a$3069 [13:12] $memory\imem1.ram$rdmux[0][2][0]$a$3069 [10:8] $memory\imem1.ram$rdmux[0][2][0]$a$3069 [4] $memory\imem1.ram$rdmux[0][2][0]$a$3069 [2:0] }
      New connections: { $memory\imem1.ram$rdmux[0][2][0]$a$3069 [25:18] $memory\imem1.ram$rdmux[0][2][0]$a$3069 [16:14] $memory\imem1.ram$rdmux[0][2][0]$a$3069 [11] $memory\imem1.ram$rdmux[0][2][0]$a$3069 [7:5] $memory\imem1.ram$rdmux[0][2][0]$a$3069 [3] } = { 1'0 $memory\imem1.ram$rdmux[0][2][0]$a$3069 [0] 1'0 $memory\imem1.ram$rdmux[0][2][0]$a$3069 [9] $memory\imem1.ram$rdmux[0][2][0]$a$3069 [13] 1'0 $memory\imem1.ram$rdmux[0][2][0]$a$3069 [9] 1'0 $memory\imem1.ram$rdmux[0][2][0]$a$3069 [13] $memory\imem1.ram$rdmux[0][2][0]$a$3069 [8] $memory\imem1.ram$rdmux[0][2][0]$a$3069 [12] 1'0 $memory\imem1.ram$rdmux[0][2][0]$a$3069 [1] 1'0 $memory\imem1.ram$rdmux[0][2][0]$a$3069 [1] 1'0 }
    Consolidated identical input bits for $mux cell $memory\imem1.ram$rdmux[0][3][2]$3086:
      Old ports: A=$memory\imem1.ram$rdmux[0][3][2]$a$3087, B=$memory\imem1.ram$rdmux[0][3][2]$b$3088, Y=$memory\imem1.ram$rdmux[0][2][1]$a$3072
      New ports: A={ $memory\imem1.ram$rdmux[0][3][2]$a$3087 [10] 1'0 $memory\imem1.ram$rdmux[0][3][2]$a$3087 [10] 2'00 $memory\imem1.ram$rdmux[0][3][2]$a$3087 [0] $memory\imem1.ram$rdmux[0][3][2]$a$3087 [0] 1'1 $memory\imem1.ram$rdmux[0][3][2]$a$3087 [0] }, B={ $memory\imem1.ram$rdmux[0][3][2]$b$3088 [1] 2'11 $memory\imem1.ram$rdmux[0][3][2]$b$3088 [1] $memory\imem1.ram$rdmux[0][3][2]$b$3088 [2:1] $memory\imem1.ram$rdmux[0][3][2]$b$3088 [2:1] 1'0 }, Y={ $memory\imem1.ram$rdmux[0][2][1]$a$3072 [16:15] $memory\imem1.ram$rdmux[0][2][1]$a$3072 [10:8] $memory\imem1.ram$rdmux[0][2][1]$a$3072 [4] $memory\imem1.ram$rdmux[0][2][1]$a$3072 [2:0] }
      New connections: { $memory\imem1.ram$rdmux[0][2][1]$a$3072 [25:17] $memory\imem1.ram$rdmux[0][2][1]$a$3072 [14:11] $memory\imem1.ram$rdmux[0][2][1]$a$3072 [7:5] $memory\imem1.ram$rdmux[0][2][1]$a$3072 [3] } = { 4'0000 $memory\imem1.ram$rdmux[0][2][1]$a$3072 [0] $memory\imem1.ram$rdmux[0][2][1]$a$3072 [0] 2'00 $memory\imem1.ram$rdmux[0][2][1]$a$3072 [8] $memory\imem1.ram$rdmux[0][2][1]$a$3072 [8] $memory\imem1.ram$rdmux[0][2][1]$a$3072 [0] $memory\imem1.ram$rdmux[0][2][1]$a$3072 [10] $memory\imem1.ram$rdmux[0][2][1]$a$3072 [0] $memory\imem1.ram$rdmux[0][2][1]$a$3072 [1] 1'0 $memory\imem1.ram$rdmux[0][2][1]$a$3072 [1] 1'0 }
    Consolidated identical input bits for $mux cell $memory\imem1.ram$rdmux[0][3][4]$3092:
      Old ports: A=$memory\imem1.ram$rdmux[0][3][4]$a$3093, B=$memory\imem1.ram$rdmux[0][3][4]$b$3094, Y=$memory\imem1.ram$rdmux[0][2][2]$a$3075
      New ports: A={ $memory\imem1.ram$rdmux[0][3][4]$a$3093 [16] $memory\imem1.ram$rdmux[0][3][4]$a$3093 [16] $memory\imem1.ram$rdmux[0][3][4]$a$3093 [2] 3'001 $memory\imem1.ram$rdmux[0][3][4]$a$3093 [2] $memory\imem1.ram$rdmux[0][3][4]$a$3093 [2] }, B={ 1'0 $memory\imem1.ram$rdmux[0][3][4]$b$3094 [4] 1'0 $memory\imem1.ram$rdmux[0][3][4]$b$3094 [14] 2'10 $memory\imem1.ram$rdmux[0][3][4]$b$3094 [4] 1'1 }, Y={ $memory\imem1.ram$rdmux[0][2][2]$a$3075 [18] $memory\imem1.ram$rdmux[0][2][2]$a$3075 [16:14] $memory\imem1.ram$rdmux[0][2][2]$a$3075 [6:4] $memory\imem1.ram$rdmux[0][2][2]$a$3075 [2] }
      New connections: { $memory\imem1.ram$rdmux[0][2][2]$a$3075 [25:19] $memory\imem1.ram$rdmux[0][2][2]$a$3075 [17] $memory\imem1.ram$rdmux[0][2][2]$a$3075 [13:7] $memory\imem1.ram$rdmux[0][2][2]$a$3075 [3] $memory\imem1.ram$rdmux[0][2][2]$a$3075 [1:0] } = { 1'0 $memory\imem1.ram$rdmux[0][2][2]$a$3075 [14] 9'000000000 $memory\imem1.ram$rdmux[0][2][2]$a$3075 [6] $memory\imem1.ram$rdmux[0][2][2]$a$3075 [2] 5'00010 }
    Consolidated identical input bits for $mux cell $memory\imem1.ram$rdmux[0][3][3]$3089:
      Old ports: A=$memory\imem1.ram$rdmux[0][3][3]$a$3090, B=$memory\imem1.ram$rdmux[0][3][3]$b$3091, Y=$memory\imem1.ram$rdmux[0][2][1]$b$3073
      New ports: A={ 1'0 $memory\imem1.ram$rdmux[0][3][3]$a$3090 [9] 1'0 $memory\imem1.ram$rdmux[0][3][3]$a$3090 [9] $memory\imem1.ram$rdmux[0][3][3]$a$3090 [9] 2'01 $memory\imem1.ram$rdmux[0][3][3]$a$3090 [0] 1'1 $memory\imem1.ram$rdmux[0][3][3]$a$3090 [0] }, B={ $memory\imem1.ram$rdmux[0][3][3]$b$3091 [1] 2'11 $memory\imem1.ram$rdmux[0][3][3]$b$3091 [2] 1'0 $memory\imem1.ram$rdmux[0][3][3]$b$3091 [2] 1'0 $memory\imem1.ram$rdmux[0][3][3]$b$3091 [2:1] 1'0 }, Y={ $memory\imem1.ram$rdmux[0][2][1]$b$3073 [16:14] $memory\imem1.ram$rdmux[0][2][1]$b$3073 [10:8] $memory\imem1.ram$rdmux[0][2][1]$b$3073 [5] $memory\imem1.ram$rdmux[0][2][1]$b$3073 [2:0] }
      New connections: { $memory\imem1.ram$rdmux[0][2][1]$b$3073 [25:17] $memory\imem1.ram$rdmux[0][2][1]$b$3073 [13:11] $memory\imem1.ram$rdmux[0][2][1]$b$3073 [7:6] $memory\imem1.ram$rdmux[0][2][1]$b$3073 [4:3] } = { 4'0000 $memory\imem1.ram$rdmux[0][2][1]$b$3073 [0] $memory\imem1.ram$rdmux[0][2][1]$b$3073 [0] $memory\imem1.ram$rdmux[0][2][1]$b$3073 [0] 1'0 $memory\imem1.ram$rdmux[0][2][1]$b$3073 [15] 1'0 $memory\imem1.ram$rdmux[0][2][1]$b$3073 [10] 1'0 $memory\imem1.ram$rdmux[0][2][1]$b$3073 [5] 1'0 $memory\imem1.ram$rdmux[0][2][1]$b$3073 [1] 1'0 }
    Consolidated identical input bits for $mux cell $memory\imem1.ram$rdmux[0][3][1]$3083:
      Old ports: A=$memory\imem1.ram$rdmux[0][3][1]$a$3084, B=$memory\imem1.ram$rdmux[0][3][1]$b$3085, Y=$memory\imem1.ram$rdmux[0][2][0]$b$3070
      New ports: A={ $memory\imem1.ram$rdmux[0][3][1]$a$3084 [10] 1'0 $memory\imem1.ram$rdmux[0][3][1]$a$3084 [10] 2'00 $memory\imem1.ram$rdmux[0][3][1]$a$3084 [0] $memory\imem1.ram$rdmux[0][3][1]$a$3084 [0] 1'1 $memory\imem1.ram$rdmux[0][3][1]$a$3084 [0] }, B={ $memory\imem1.ram$rdmux[0][3][1]$b$3085 [2] 2'11 $memory\imem1.ram$rdmux[0][3][1]$b$3085 [1] $memory\imem1.ram$rdmux[0][3][1]$b$3085 [2:1] $memory\imem1.ram$rdmux[0][3][1]$b$3085 [2:1] 1'0 }, Y={ $memory\imem1.ram$rdmux[0][2][0]$b$3070 [17] $memory\imem1.ram$rdmux[0][2][0]$b$3070 [14] $memory\imem1.ram$rdmux[0][2][0]$b$3070 [10:8] $memory\imem1.ram$rdmux[0][2][0]$b$3070 [4] $memory\imem1.ram$rdmux[0][2][0]$b$3070 [2:0] }
      New connections: { $memory\imem1.ram$rdmux[0][2][0]$b$3070 [25:18] $memory\imem1.ram$rdmux[0][2][0]$b$3070 [16:15] $memory\imem1.ram$rdmux[0][2][0]$b$3070 [13:11] $memory\imem1.ram$rdmux[0][2][0]$b$3070 [7:5] $memory\imem1.ram$rdmux[0][2][0]$b$3070 [3] } = { 9'000000000 $memory\imem1.ram$rdmux[0][2][0]$b$3070 [14] $memory\imem1.ram$rdmux[0][2][0]$b$3070 [0] $memory\imem1.ram$rdmux[0][2][0]$b$3070 [10] $memory\imem1.ram$rdmux[0][2][0]$b$3070 [0] $memory\imem1.ram$rdmux[0][2][0]$b$3070 [1] 1'0 $memory\imem1.ram$rdmux[0][2][0]$b$3070 [1] 1'0 }
    Consolidated identical input bits for $pmux cell $flatten\core1.\con1.\a1.$procmux$1295:
      Old ports: A=4'0000, B={ 4'0001 $flatten\core1.\con1.\a1.$2\alu_con[3:0] }, Y=\core1.data.alu1.alu_con
      New ports: A=2'00, B={ 2'01 $flatten\core1.\con1.\a1.$2\alu_con[3:0] [1:0] }, Y=\core1.data.alu1.alu_con [1:0]
      New connections: \core1.data.alu1.alu_con [3:2] = 2'00
  Optimizing cells in module \top.
    Consolidated identical input bits for $mux cell $memory\imem1.ram$rdmux[0][2][0]$3068:
      Old ports: A=$memory\imem1.ram$rdmux[0][2][0]$a$3069, B=$memory\imem1.ram$rdmux[0][2][0]$b$3070, Y=$memory\imem1.ram$rdmux[0][1][0]$a$3063
      New ports: A={ $memory\imem1.ram$rdmux[0][2][0]$a$3069 [0] $memory\imem1.ram$rdmux[0][2][0]$a$3069 [9] $memory\imem1.ram$rdmux[0][2][0]$a$3069 [17] $memory\imem1.ram$rdmux[0][2][0]$a$3069 [13] $memory\imem1.ram$rdmux[0][2][0]$a$3069 [8] $memory\imem1.ram$rdmux[0][2][0]$a$3069 [12] $memory\imem1.ram$rdmux[0][2][0]$a$3069 [13:12] 1'0 $memory\imem1.ram$rdmux[0][2][0]$a$3069 [10:8] $memory\imem1.ram$rdmux[0][2][0]$a$3069 [4] $memory\imem1.ram$rdmux[0][2][0]$a$3069 [2:0] }, B={ 2'00 $memory\imem1.ram$rdmux[0][2][0]$b$3070 [17] 1'0 $memory\imem1.ram$rdmux[0][2][0]$b$3070 [14] $memory\imem1.ram$rdmux[0][2][0]$b$3070 [14] $memory\imem1.ram$rdmux[0][2][0]$b$3070 [0] $memory\imem1.ram$rdmux[0][2][0]$b$3070 [10] $memory\imem1.ram$rdmux[0][2][0]$b$3070 [0] $memory\imem1.ram$rdmux[0][2][0]$b$3070 [10:8] $memory\imem1.ram$rdmux[0][2][0]$b$3070 [4] $memory\imem1.ram$rdmux[0][2][0]$b$3070 [2:0] }, Y={ $memory\imem1.ram$rdmux[0][1][0]$a$3063 [24] $memory\imem1.ram$rdmux[0][1][0]$a$3063 [19] $memory\imem1.ram$rdmux[0][1][0]$a$3063 [17:8] $memory\imem1.ram$rdmux[0][1][0]$a$3063 [4] $memory\imem1.ram$rdmux[0][1][0]$a$3063 [2:0] }
      New connections: { $memory\imem1.ram$rdmux[0][1][0]$a$3063 [25] $memory\imem1.ram$rdmux[0][1][0]$a$3063 [23:20] $memory\imem1.ram$rdmux[0][1][0]$a$3063 [18] $memory\imem1.ram$rdmux[0][1][0]$a$3063 [7:5] $memory\imem1.ram$rdmux[0][1][0]$a$3063 [3] } = { 2'00 $memory\imem1.ram$rdmux[0][1][0]$a$3063 [19] $memory\imem1.ram$rdmux[0][1][0]$a$3063 [16] 2'00 $memory\imem1.ram$rdmux[0][1][0]$a$3063 [1] 1'0 $memory\imem1.ram$rdmux[0][1][0]$a$3063 [1] 1'0 }
    Consolidated identical input bits for $mux cell $memory\imem1.ram$rdmux[0][2][2]$3074:
      Old ports: A=$memory\imem1.ram$rdmux[0][2][2]$a$3075, B=$memory\imem1.ram$rdmux[0][2][2]$b$3076, Y=$memory\imem1.ram$rdmux[0][1][1]$a$3066
      New ports: A={ $memory\imem1.ram$rdmux[0][2][2]$a$3075 [14] $memory\imem1.ram$rdmux[0][2][2]$a$3075 [18] $memory\imem1.ram$rdmux[0][2][2]$a$3075 [16:14] 1'0 $memory\imem1.ram$rdmux[0][2][2]$a$3075 [6] $memory\imem1.ram$rdmux[0][2][2]$a$3075 [2] $memory\imem1.ram$rdmux[0][2][2]$a$3075 [6:4] 1'0 $memory\imem1.ram$rdmux[0][2][2]$a$3075 [2] 2'10 }, B={ $memory\imem1.ram$rdmux[0][2][2]$b$3076 [1] $memory\imem1.ram$rdmux[0][2][2]$b$3076 [1] $memory\imem1.ram$rdmux[0][2][2]$b$3076 [1] $memory\imem1.ram$rdmux[0][2][2]$b$3076 [1:0] $memory\imem1.ram$rdmux[0][2][2]$b$3076 [1:0] $memory\imem1.ram$rdmux[0][2][2]$b$3076 [1] $memory\imem1.ram$rdmux[0][2][2]$b$3076 [1] $memory\imem1.ram$rdmux[0][2][2]$b$3076 [1:0] $memory\imem1.ram$rdmux[0][2][2]$b$3076 [2] $memory\imem1.ram$rdmux[0][2][2]$b$3076 [2:0] }, Y={ $memory\imem1.ram$rdmux[0][1][1]$a$3066 [24] $memory\imem1.ram$rdmux[0][1][1]$a$3066 [18] $memory\imem1.ram$rdmux[0][1][1]$a$3066 [16:14] $memory\imem1.ram$rdmux[0][1][1]$a$3066 [11:9] $memory\imem1.ram$rdmux[0][1][1]$a$3066 [6:0] }
      New connections: { $memory\imem1.ram$rdmux[0][1][1]$a$3066 [25] $memory\imem1.ram$rdmux[0][1][1]$a$3066 [23:19] $memory\imem1.ram$rdmux[0][1][1]$a$3066 [17] $memory\imem1.ram$rdmux[0][1][1]$a$3066 [13:12] $memory\imem1.ram$rdmux[0][1][1]$a$3066 [8:7] } = { $memory\imem1.ram$rdmux[0][1][1]$a$3066 [11] $memory\imem1.ram$rdmux[0][1][1]$a$3066 [11] $memory\imem1.ram$rdmux[0][1][1]$a$3066 [11] $memory\imem1.ram$rdmux[0][1][1]$a$3066 [11] $memory\imem1.ram$rdmux[0][1][1]$a$3066 [11] $memory\imem1.ram$rdmux[0][1][1]$a$3066 [11] $memory\imem1.ram$rdmux[0][1][1]$a$3066 [0] $memory\imem1.ram$rdmux[0][1][1]$a$3066 [0] $memory\imem1.ram$rdmux[0][1][1]$a$3066 [0] $memory\imem1.ram$rdmux[0][1][1]$a$3066 [0] $memory\imem1.ram$rdmux[0][1][1]$a$3066 [0] }
    Consolidated identical input bits for $mux cell $memory\imem1.ram$rdmux[0][2][1]$3071:
      Old ports: A=$memory\imem1.ram$rdmux[0][2][1]$a$3072, B=$memory\imem1.ram$rdmux[0][2][1]$b$3073, Y=$memory\imem1.ram$rdmux[0][1][0]$b$3064
      New ports: A={ 1'0 $memory\imem1.ram$rdmux[0][2][1]$a$3072 [8] $memory\imem1.ram$rdmux[0][2][1]$a$3072 [16:15] $memory\imem1.ram$rdmux[0][2][1]$a$3072 [8] $memory\imem1.ram$rdmux[0][2][1]$a$3072 [0] $memory\imem1.ram$rdmux[0][2][1]$a$3072 [10:8] $memory\imem1.ram$rdmux[0][2][1]$a$3072 [1] $memory\imem1.ram$rdmux[0][2][1]$a$3072 [4] $memory\imem1.ram$rdmux[0][2][1]$a$3072 [2:0] }, B={ $memory\imem1.ram$rdmux[0][2][1]$b$3073 [0] $memory\imem1.ram$rdmux[0][2][1]$b$3073 [15] $memory\imem1.ram$rdmux[0][2][1]$b$3073 [16:14] 1'0 $memory\imem1.ram$rdmux[0][2][1]$b$3073 [10:8] $memory\imem1.ram$rdmux[0][2][1]$b$3073 [5] $memory\imem1.ram$rdmux[0][2][1]$b$3073 [1] $memory\imem1.ram$rdmux[0][2][1]$b$3073 [2:0] }, Y={ $memory\imem1.ram$rdmux[0][1][0]$b$3064 [19] $memory\imem1.ram$rdmux[0][1][0]$b$3064 [17:14] $memory\imem1.ram$rdmux[0][1][0]$b$3064 [11:8] $memory\imem1.ram$rdmux[0][1][0]$b$3064 [5:4] $memory\imem1.ram$rdmux[0][1][0]$b$3064 [2:0] }
      New connections: { $memory\imem1.ram$rdmux[0][1][0]$b$3064 [25:20] $memory\imem1.ram$rdmux[0][1][0]$b$3064 [18] $memory\imem1.ram$rdmux[0][1][0]$b$3064 [13:12] $memory\imem1.ram$rdmux[0][1][0]$b$3064 [7:6] $memory\imem1.ram$rdmux[0][1][0]$b$3064 [3] } = { 4'0000 $memory\imem1.ram$rdmux[0][1][0]$b$3064 [0] $memory\imem1.ram$rdmux[0][1][0]$b$3064 [0] 1'0 $memory\imem1.ram$rdmux[0][1][0]$b$3064 [11:10] $memory\imem1.ram$rdmux[0][1][0]$b$3064 [5] 2'00 }
  Optimizing cells in module \top.
    Consolidated identical input bits for $mux cell $memory\imem1.ram$rdmux[0][1][1]$3065:
      Old ports: A=$memory\imem1.ram$rdmux[0][1][1]$a$3066, B=26'x, Y=$memory\imem1.ram$rdmux[0][0][0]$b$3061
      New ports: A={ $memory\imem1.ram$rdmux[0][1][1]$a$3066 [24] $memory\imem1.ram$rdmux[0][1][1]$a$3066 [18] $memory\imem1.ram$rdmux[0][1][1]$a$3066 [16:14] $memory\imem1.ram$rdmux[0][1][1]$a$3066 [11:9] $memory\imem1.ram$rdmux[0][1][1]$a$3066 [6:0] }, B=15'x, Y={ $memory\imem1.ram$rdmux[0][0][0]$b$3061 [24] $memory\imem1.ram$rdmux[0][0][0]$b$3061 [18] $memory\imem1.ram$rdmux[0][0][0]$b$3061 [16:14] $memory\imem1.ram$rdmux[0][0][0]$b$3061 [11:9] $memory\imem1.ram$rdmux[0][0][0]$b$3061 [6:0] }
      New connections: { $memory\imem1.ram$rdmux[0][0][0]$b$3061 [25] $memory\imem1.ram$rdmux[0][0][0]$b$3061 [23:19] $memory\imem1.ram$rdmux[0][0][0]$b$3061 [17] $memory\imem1.ram$rdmux[0][0][0]$b$3061 [13:12] $memory\imem1.ram$rdmux[0][0][0]$b$3061 [8:7] } = { $memory\imem1.ram$rdmux[0][0][0]$b$3061 [11] $memory\imem1.ram$rdmux[0][0][0]$b$3061 [11] $memory\imem1.ram$rdmux[0][0][0]$b$3061 [11] $memory\imem1.ram$rdmux[0][0][0]$b$3061 [11] $memory\imem1.ram$rdmux[0][0][0]$b$3061 [11] $memory\imem1.ram$rdmux[0][0][0]$b$3061 [11] $memory\imem1.ram$rdmux[0][0][0]$b$3061 [0] $memory\imem1.ram$rdmux[0][0][0]$b$3061 [0] $memory\imem1.ram$rdmux[0][0][0]$b$3061 [0] $memory\imem1.ram$rdmux[0][0][0]$b$3061 [0] $memory\imem1.ram$rdmux[0][0][0]$b$3061 [0] }
    Consolidated identical input bits for $mux cell $memory\imem1.ram$rdmux[0][1][0]$3062:
      Old ports: A=$memory\imem1.ram$rdmux[0][1][0]$a$3063, B=$memory\imem1.ram$rdmux[0][1][0]$b$3064, Y=$memory\imem1.ram$rdmux[0][0][0]$a$3060
      New ports: A={ $memory\imem1.ram$rdmux[0][1][0]$a$3063 [24] $memory\imem1.ram$rdmux[0][1][0]$a$3063 [19] $memory\imem1.ram$rdmux[0][1][0]$a$3063 [16] 1'0 $memory\imem1.ram$rdmux[0][1][0]$a$3063 [19] $memory\imem1.ram$rdmux[0][1][0]$a$3063 [17:8] $memory\imem1.ram$rdmux[0][1][0]$a$3063 [1] $memory\imem1.ram$rdmux[0][1][0]$a$3063 [4] $memory\imem1.ram$rdmux[0][1][0]$a$3063 [2:0] }, B={ 2'00 $memory\imem1.ram$rdmux[0][1][0]$b$3064 [0] $memory\imem1.ram$rdmux[0][1][0]$b$3064 [0] $memory\imem1.ram$rdmux[0][1][0]$b$3064 [19] $memory\imem1.ram$rdmux[0][1][0]$b$3064 [17:14] $memory\imem1.ram$rdmux[0][1][0]$b$3064 [11:10] $memory\imem1.ram$rdmux[0][1][0]$b$3064 [11:8] $memory\imem1.ram$rdmux[0][1][0]$b$3064 [5:4] $memory\imem1.ram$rdmux[0][1][0]$b$3064 [2:0] }, Y={ $memory\imem1.ram$rdmux[0][0][0]$a$3060 [24] $memory\imem1.ram$rdmux[0][0][0]$a$3060 [22:19] $memory\imem1.ram$rdmux[0][0][0]$a$3060 [17:8] $memory\imem1.ram$rdmux[0][0][0]$a$3060 [5:4] $memory\imem1.ram$rdmux[0][0][0]$a$3060 [2:0] }
      New connections: { $memory\imem1.ram$rdmux[0][0][0]$a$3060 [25] $memory\imem1.ram$rdmux[0][0][0]$a$3060 [23] $memory\imem1.ram$rdmux[0][0][0]$a$3060 [18] $memory\imem1.ram$rdmux[0][0][0]$a$3060 [7:6] $memory\imem1.ram$rdmux[0][0][0]$a$3060 [3] } = { 3'000 $memory\imem1.ram$rdmux[0][0][0]$a$3060 [5] 2'00 }
  Optimizing cells in module \top.
    Consolidated identical input bits for $mux cell $memory\imem1.ram$rdmux[0][0][0]$3059:
      Old ports: A=$memory\imem1.ram$rdmux[0][0][0]$a$3060, B=$memory\imem1.ram$rdmux[0][0][0]$b$3061, Y=$\imem1.ram$rdreg[0]$d
      New ports: A={ $memory\imem1.ram$rdmux[0][0][0]$a$3060 [24] 1'0 $memory\imem1.ram$rdmux[0][0][0]$a$3060 [22:19] 1'0 $memory\imem1.ram$rdmux[0][0][0]$a$3060 [17:8] $memory\imem1.ram$rdmux[0][0][0]$a$3060 [5] 1'0 $memory\imem1.ram$rdmux[0][0][0]$a$3060 [5:4] 1'0 $memory\imem1.ram$rdmux[0][0][0]$a$3060 [2:0] }, B={ $memory\imem1.ram$rdmux[0][0][0]$b$3061 [24] $memory\imem1.ram$rdmux[0][0][0]$b$3061 [11] $memory\imem1.ram$rdmux[0][0][0]$b$3061 [11] $memory\imem1.ram$rdmux[0][0][0]$b$3061 [11] $memory\imem1.ram$rdmux[0][0][0]$b$3061 [11] $memory\imem1.ram$rdmux[0][0][0]$b$3061 [11] $memory\imem1.ram$rdmux[0][0][0]$b$3061 [18] $memory\imem1.ram$rdmux[0][0][0]$b$3061 [0] $memory\imem1.ram$rdmux[0][0][0]$b$3061 [16:14] $memory\imem1.ram$rdmux[0][0][0]$b$3061 [0] $memory\imem1.ram$rdmux[0][0][0]$b$3061 [0] $memory\imem1.ram$rdmux[0][0][0]$b$3061 [11:9] $memory\imem1.ram$rdmux[0][0][0]$b$3061 [0] $memory\imem1.ram$rdmux[0][0][0]$b$3061 [0] $memory\imem1.ram$rdmux[0][0][0]$b$3061 [6:0] }, Y=$\imem1.ram$rdreg[0]$d [24:0]
      New connections: $\imem1.ram$rdreg[0]$d [25] = $\imem1.ram$rdreg[0]$d [23]
  Optimizing cells in module \top.
Performed a total of 29 changes.

139. Executing OPT_MERGE pass (detect identical cells).
Finding identical cells in module `\top'.
<suppressed ~24 debug messages>
Removed a total of 8 cells.

140. Executing OPT_SHARE pass.
    Found cells that share an operand and can be merged by moving the $pmux $flatten\core1.\data.\alu1.$procmux$1231 in front of them:
        $auto$alumacc.cc:485:replace_alu$2324
        $auto$alumacc.cc:485:replace_alu$2321

141. Executing OPT_DFF pass (perform DFF optimizations).
Adding SRST signal on $\bridge1.fifo_master1.fifo1.array$rdreg[0] ($dff) from module top (D = $auto$rtlil.cc:2628:Mux$2334, Q = $\bridge1.fifo_master1.fifo1.array$rdreg[0]$q, rval = 2'00).
Adding SRST signal on $\imem1.ram$rdreg[0] ($dff) from module top (D = { $memory\imem1.ram$rdmux[0][0][0]$b$3061 [18] $memory\imem1.ram$rdmux[0][0][0]$b$3061 [6] $memory\imem1.ram$rdmux[0][0][0]$b$3061 [3] }, Q = { \core1.data.e1.instr [24] \core1.data.e1.instr [9] \core1.data.e1.instr [6] }, rval = 3'000).

142. Executing OPT_CLEAN pass (remove unused cells and wires).
Finding unused cells or wires in module \top..
Removed 2 unused cells and 258 unused wires.
<suppressed ~3 debug messages>

143. Executing OPT_EXPR pass (perform const folding).
Optimizing module top.
<suppressed ~12 debug messages>

144. Rerunning OPT passes. (Maybe there is more to do…)

145. Executing OPT_MUXTREE pass (detect dead branches in mux trees).
Running muxtree optimizer on module \top..
  Creating internal representation of mux trees.
  Evaluating internal representation of mux trees.
  Analyzing evaluation results.
    dead port 1/10 on $pmux $flatten\core1.\data.\alu1.$procmux$1231.
    dead port 2/10 on $pmux $flatten\core1.\data.\alu1.$procmux$1231.
    dead port 3/10 on $pmux $flatten\core1.\data.\alu1.$procmux$1231.
    dead port 4/10 on $pmux $flatten\core1.\data.\alu1.$procmux$1231.
    dead port 5/10 on $pmux $flatten\core1.\data.\alu1.$procmux$1231.
    dead port 6/10 on $pmux $flatten\core1.\data.\alu1.$procmux$1231.
Removed 6 multiplexer ports.
<suppressed ~71 debug messages>

146. Executing OPT_REDUCE pass (consolidate $*mux and $reduce_* inputs).
  Optimizing cells in module \top.
    New ctrl vector for $pmux cell $flatten\core1.\data.\alu1.$procmux$1231: { $flatten\core1.\data.\alu1.$procmux$1239_CMP $flatten\core1.\data.\alu1.$procmux$1229_CMP }
    Consolidated identical input bits for $mux cell $memory\imem1.ram$rdmux[0][2][2]$3074:
      Old ports: A={ $memory\imem1.ram$rdmux[0][2][2]$a$3075 [24] $memory\imem1.ram$rdmux[0][2][2]$a$3075 [18] $memory\imem1.ram$rdmux[0][2][2]$a$3075 [16:15] $memory\imem1.ram$rdmux[0][2][2]$a$3075 [24] 1'0 $memory\imem1.ram$rdmux[0][2][2]$a$3075 [10:9] $memory\imem1.ram$rdmux[0][2][2]$a$3075 [10] $memory\imem1.ram$rdmux[0][2][2]$a$3075 [5:4] 1'0 $memory\imem1.ram$rdmux[0][2][2]$a$3075 [9] 2'10 }, B={ $memory\imem1.ram$rdmux[0][2][2]$b$3076 [25] $memory\imem1.ram$rdmux[0][2][2]$b$3076 [25] $memory\imem1.ram$rdmux[0][2][2]$b$3076 [25] $memory\imem1.ram$rdmux[0][2][2]$b$3076 [25] $memory\imem1.ram$rdmux[0][2][2]$b$3076 [17] $memory\imem1.ram$rdmux[0][2][2]$b$3076 [25] $memory\imem1.ram$rdmux[0][2][2]$b$3076 [17] $memory\imem1.ram$rdmux[0][2][2]$b$3076 [25] $memory\imem1.ram$rdmux[0][2][2]$b$3076 [25] $memory\imem1.ram$rdmux[0][2][2]$b$3076 [25] $memory\imem1.ram$rdmux[0][2][2]$b$3076 [17] $memory\imem1.ram$rdmux[0][2][2]$b$3076 [3] $memory\imem1.ram$rdmux[0][2][2]$b$3076 [3] $memory\imem1.ram$rdmux[0][2][2]$b$3076 [25] $memory\imem1.ram$rdmux[0][2][2]$b$3076 [17] }, Y={ $memory\imem1.ram$rdmux[0][1][1]$a$3066 [24] $memory\imem1.ram$rdmux[0][1][1]$a$3066 [18] $memory\imem1.ram$rdmux[0][1][1]$a$3066 [16:14] $memory\imem1.ram$rdmux[0][1][1]$a$3066 [25] $memory\imem1.ram$rdmux[0][1][1]$a$3066 [10:9] $memory\imem1.ram$rdmux[0][1][1]$a$3066 [6:1] $memory\imem1.ram$rdmux[0][1][1]$a$3066 [17] }
      New ports: A={ $memory\imem1.ram$rdmux[0][2][2]$a$3075 [24] $memory\imem1.ram$rdmux[0][2][2]$a$3075 [18] $memory\imem1.ram$rdmux[0][2][2]$a$3075 [16:15] $memory\imem1.ram$rdmux[0][2][2]$a$3075 [24] 1'0 $memory\imem1.ram$rdmux[0][2][2]$a$3075 [10:9] $memory\imem1.ram$rdmux[0][2][2]$a$3075 [10] $memory\imem1.ram$rdmux[0][2][2]$a$3075 [5:4] 1'0 $memory\imem1.ram$rdmux[0][2][2]$a$3075 [9] 1'1 }, B={ $memory\imem1.ram$rdmux[0][3][0]$b$3082 [22] $memory\imem1.ram$rdmux[0][3][0]$b$3082 [22] $memory\imem1.ram$rdmux[0][3][0]$b$3082 [22] $memory\imem1.ram$rdmux[0][3][0]$b$3082 [22] 1'0 $memory\imem1.ram$rdmux[0][3][0]$b$3082 [22] 1'0 $memory\imem1.ram$rdmux[0][3][0]$b$3082 [22] $memory\imem1.ram$rdmux[0][3][0]$b$3082 [22] $memory\imem1.ram$rdmux[0][3][0]$b$3082 [22] 1'0 $memory\imem1.ram$rdmux[0][3][0]$b$3082 [17] $memory\imem1.ram$rdmux[0][3][0]$b$3082 [17] $memory\imem1.ram$rdmux[0][3][0]$b$3082 [22] }, Y={ $memory\imem1.ram$rdmux[0][1][1]$a$3066 [24] $memory\imem1.ram$rdmux[0][1][1]$a$3066 [18] $memory\imem1.ram$rdmux[0][1][1]$a$3066 [16:14] $memory\imem1.ram$rdmux[0][1][1]$a$3066 [25] $memory\imem1.ram$rdmux[0][1][1]$a$3066 [10:9] $memory\imem1.ram$rdmux[0][1][1]$a$3066 [6:1] }
      New connections: $memory\imem1.ram$rdmux[0][1][1]$a$3066 [17] = 1'0
    Consolidated identical input bits for $mux cell $memory\imem1.ram$rdmux[0][3][4]$3092:
      Old ports: A={ $memory\imem1.ram$rdmux[0][3][1]$a$3084 [17] $memory\imem1.ram$rdmux[0][3][1]$a$3084 [17] $memory\imem1.ram$rdmux[0][3][1]$a$3084 [13] 3'001 $memory\imem1.ram$rdmux[0][3][1]$a$3084 [13] $memory\imem1.ram$rdmux[0][3][1]$a$3084 [13] }, B={ 1'0 $memory\imem1.ram$rdmux[0][3][1]$a$3084 [13] 1'0 $memory\imem1.ram$rdmux[0][3][1]$a$3084 [17] 2'10 $memory\imem1.ram$rdmux[0][3][1]$a$3084 [13] 1'1 }, Y={ $memory\imem1.ram$rdmux[0][2][2]$a$3075 [18] $memory\imem1.ram$rdmux[0][2][2]$a$3075 [16:15] $memory\imem1.ram$rdmux[0][2][2]$a$3075 [24] $memory\imem1.ram$rdmux[0][2][2]$a$3075 [10] $memory\imem1.ram$rdmux[0][2][2]$a$3075 [5:4] $memory\imem1.ram$rdmux[0][2][2]$a$3075 [9] }
      New ports: A={ $memory\imem1.ram$rdmux[0][3][1]$a$3084 [17] $memory\imem1.ram$rdmux[0][3][1]$a$3084 [17] $memory\imem1.ram$rdmux[0][3][1]$a$3084 [13] 3'001 $memory\imem1.ram$rdmux[0][3][1]$a$3084 [13] }, B={ 1'0 $memory\imem1.ram$rdmux[0][3][1]$a$3084 [13] 1'0 $memory\imem1.ram$rdmux[0][3][1]$a$3084 [17] 3'101 }, Y={ $memory\imem1.ram$rdmux[0][2][2]$a$3075 [18] $memory\imem1.ram$rdmux[0][2][2]$a$3075 [16:15] $memory\imem1.ram$rdmux[0][2][2]$a$3075 [24] $memory\imem1.ram$rdmux[0][2][2]$a$3075 [10] $memory\imem1.ram$rdmux[0][2][2]$a$3075 [5] $memory\imem1.ram$rdmux[0][2][2]$a$3075 [9] }
      New connections: $memory\imem1.ram$rdmux[0][2][2]$a$3075 [4] = $memory\imem1.ram$rdmux[0][3][1]$a$3084 [13]
  Optimizing cells in module \top.
Performed a total of 3 changes.

147. Executing OPT_MERGE pass (detect identical cells).
Finding identical cells in module `\top'.
Removed a total of 0 cells.

148. Executing OPT_SHARE pass.

149. Executing OPT_DFF pass (perform DFF optimizations).
Adding EN signal on $memory\dmem1.ram[9]$2914 ($dff) from module top (D = \bridge1.data, Q = \dmem1.ram[9]).
Adding EN signal on $memory\dmem1.ram[8]$2912 ($dff) from module top (D = \bridge1.data, Q = \dmem1.ram[8]).
Adding EN signal on $memory\dmem1.ram[7]$2910 ($dff) from module top (D = \bridge1.data, Q = \dmem1.ram[7]).
Adding EN signal on $memory\dmem1.ram[6]$2908 ($dff) from module top (D = \bridge1.data, Q = \dmem1.ram[6]).
Adding EN signal on $memory\dmem1.ram[5]$2906 ($dff) from module top (D = \bridge1.data, Q = \dmem1.ram[5]).
Adding EN signal on $memory\dmem1.ram[4]$2904 ($dff) from module top (D = \bridge1.data, Q = \dmem1.ram[4]).
Adding EN signal on $memory\dmem1.ram[3]$2902 ($dff) from module top (D = \bridge1.data, Q = \dmem1.ram[3]).
Adding EN signal on $memory\dmem1.ram[2]$2900 ($dff) from module top (D = \bridge1.data, Q = \dmem1.ram[2]).
Adding EN signal on $memory\dmem1.ram[1]$2898 ($dff) from module top (D = \bridge1.data, Q = \dmem1.ram[1]).
Adding EN signal on $memory\dmem1.ram[10]$2916 ($dff) from module top (D = \bridge1.data, Q = \dmem1.ram[10]).
Adding EN signal on $memory\dmem1.ram[0]$2896 ($dff) from module top (D = \bridge1.data, Q = \dmem1.ram[0]).
Adding EN signal on $memory\core1.data.r1.register[9]$2420 ($dff) from module top (D = \core1.data.r1.data, Q = \core1.data.r1.register[9]).
Adding EN signal on $memory\core1.data.r1.register[8]$2418 ($dff) from module top (D = \core1.data.r1.data, Q = \core1.data.r1.register[8]).
Adding EN signal on $memory\core1.data.r1.register[7]$2416 ($dff) from module top (D = \core1.data.r1.data, Q = \core1.data.r1.register[7]).
Adding EN signal on $memory\core1.data.r1.register[6]$2414 ($dff) from module top (D = \core1.data.r1.data, Q = \core1.data.r1.register[6]).
Adding EN signal on $memory\core1.data.r1.register[5]$2412 ($dff) from module top (D = \core1.data.r1.data, Q = \core1.data.r1.register[5]).
Adding EN signal on $memory\core1.data.r1.register[4]$2410 ($dff) from module top (D = \core1.data.r1.data, Q = \core1.data.r1.register[4]).
Adding EN signal on $memory\core1.data.r1.register[3]$2408 ($dff) from module top (D = \core1.data.r1.data, Q = \core1.data.r1.register[3]).
Handling D = Q on $memory\core1.data.r1.register[31]$2464 ($dff) from module top (removing D path).
Handling D = Q on $memory\core1.data.r1.register[30]$2462 ($dff) from module top (removing D path).
Adding EN signal on $memory\core1.data.r1.register[2]$2406 ($dff) from module top (D = \core1.data.r1.data, Q = \core1.data.r1.register[2]).
Handling D = Q on $memory\core1.data.r1.register[29]$2460 ($dff) from module top (removing D path).
Handling D = Q on $memory\core1.data.r1.register[28]$2458 ($dff) from module top (removing D path).
Handling D = Q on $memory\core1.data.r1.register[27]$2456 ($dff) from module top (removing D path).
Handling D = Q on $memory\core1.data.r1.register[26]$2454 ($dff) from module top (removing D path).
Handling D = Q on $memory\core1.data.r1.register[25]$2452 ($dff) from module top (removing D path).
Handling D = Q on $memory\core1.data.r1.register[24]$2450 ($dff) from module top (removing D path).
Handling D = Q on $memory\core1.data.r1.register[23]$2448 ($dff) from module top (removing D path).
Handling D = Q on $memory\core1.data.r1.register[22]$2446 ($dff) from module top (removing D path).
Handling D = Q on $memory\core1.data.r1.register[21]$2444 ($dff) from module top (removing D path).
Handling D = Q on $memory\core1.data.r1.register[20]$2442 ($dff) from module top (removing D path).
Adding EN signal on $memory\core1.data.r1.register[1]$2404 ($dff) from module top (D = \core1.data.r1.data, Q = \core1.data.r1.register[1]).
Handling D = Q on $memory\core1.data.r1.register[19]$2440 ($dff) from module top (removing D path).
Handling D = Q on $memory\core1.data.r1.register[18]$2438 ($dff) from module top (removing D path).
Handling D = Q on $memory\core1.data.r1.register[17]$2436 ($dff) from module top (removing D path).
Handling D = Q on $memory\core1.data.r1.register[16]$2434 ($dff) from module top (removing D path).
Adding EN signal on $memory\core1.data.r1.register[15]$2432 ($dff) from module top (D = \core1.data.r1.data, Q = \core1.data.r1.register[15]).
Adding EN signal on $memory\core1.data.r1.register[14]$2430 ($dff) from module top (D = \core1.data.r1.data, Q = \core1.data.r1.register[14]).
Adding EN signal on $memory\core1.data.r1.register[13]$2428 ($dff) from module top (D = \core1.data.r1.data, Q = \core1.data.r1.register[13]).
Adding EN signal on $memory\core1.data.r1.register[12]$2426 ($dff) from module top (D = \core1.data.r1.data, Q = \core1.data.r1.register[12]).
Adding EN signal on $memory\core1.data.r1.register[11]$2424 ($dff) from module top (D = \core1.data.r1.data, Q = \core1.data.r1.register[11]).
Adding EN signal on $memory\core1.data.r1.register[10]$2422 ($dff) from module top (D = \core1.data.r1.data, Q = \core1.data.r1.register[10]).
Adding EN signal on $memory\core1.data.r1.register[0]$2402 ($dff) from module top (D = \core1.data.r1.data, Q = \core1.data.r1.register[0]).
Adding EN signal on $memory\bridge1.fifo_master1.fifo1.array[3]$2359 ($dff) from module top (D = \bridge1.fifo_master1.fifo1.data_in, Q = \bridge1.fifo_master1.fifo1.array[3]).
Adding EN signal on $memory\bridge1.fifo_master1.fifo1.array[2]$2357 ($dff) from module top (D = \bridge1.fifo_master1.fifo1.data_in, Q = \bridge1.fifo_master1.fifo1.array[2]).
Adding EN signal on $memory\bridge1.fifo_master1.fifo1.array[1]$2355 ($dff) from module top (D = \bridge1.fifo_master1.fifo1.data_in, Q = \bridge1.fifo_master1.fifo1.array[1]).
Adding EN signal on $memory\bridge1.fifo_master1.fifo1.array[0]$2353 ($dff) from module top (D = \bridge1.fifo_master1.fifo1.data_in, Q = \bridge1.fifo_master1.fifo1.array[0]).

150. Executing OPT_CLEAN pass (remove unused cells and wires).
Finding unused cells or wires in module \top..
Removed 41 unused cells and 55 unused wires.
<suppressed ~42 debug messages>

151. Executing OPT_EXPR pass (perform const folding).
Optimizing module top.
<suppressed ~30 debug messages>

152. Rerunning OPT passes. (Maybe there is more to do…)

153. Executing OPT_MUXTREE pass (detect dead branches in mux trees).
Running muxtree optimizer on module \top..
  Creating internal representation of mux trees.
  Evaluating internal representation of mux trees.
  Analyzing evaluation results.
Removed 0 multiplexer ports.
<suppressed ~40 debug messages>

154. Executing OPT_REDUCE pass (consolidate $*mux and $reduce_* inputs).
  Optimizing cells in module \top.
Performed a total of 0 changes.

155. Executing OPT_MERGE pass (detect identical cells).
Finding identical cells in module `\top'.
Removed a total of 0 cells.

156. Executing OPT_SHARE pass.

157. Executing OPT_DFF pass (perform DFF optimizations).
Adding SRST signal on $auto$ff.cc:266:slice$3161 ($dff) from module top (D = { $memory\imem1.ram$rdmux[0][0][0]$a$3060 [17] $memory\imem1.ram$rdmux[0][0][0]$a$3060 [13:12] $memory\imem1.ram$rdmux[0][0][0]$a$3060 [8:7] $memory\imem1.ram$rdmux[0][0][0]$a$3060 [0] }, Q = { \core1.data.e1.instr [23] \core1.data.e1.instr [19:18] \core1.data.e1.instr [13] \core1.data.e1.instr [10] \core1.data.e1.instr [2] }, rval = 6'000000).

158. Executing OPT_CLEAN pass (remove unused cells and wires).
Finding unused cells or wires in module \top..
Removed 0 unused cells and 30 unused wires.
<suppressed ~1 debug messages>

159. Executing OPT_EXPR pass (perform const folding).
Optimizing module top.

160. Rerunning OPT passes. (Maybe there is more to do…)

161. Executing OPT_MUXTREE pass (detect dead branches in mux trees).
Running muxtree optimizer on module \top..
  Creating internal representation of mux trees.
  Evaluating internal representation of mux trees.
  Analyzing evaluation results.
Removed 0 multiplexer ports.
<suppressed ~41 debug messages>

162. Executing OPT_REDUCE pass (consolidate $*mux and $reduce_* inputs).
  Optimizing cells in module \top.
Performed a total of 0 changes.

163. Executing OPT_MERGE pass (detect identical cells).
Finding identical cells in module `\top'.
Removed a total of 0 cells.

164. Executing OPT_SHARE pass.

165. Executing OPT_DFF pass (perform DFF optimizations).

166. Executing OPT_CLEAN pass (remove unused cells and wires).
Finding unused cells or wires in module \top..

167. Executing OPT_EXPR pass (perform const folding).
Optimizing module top.

168. Executing TECHMAP pass (map to technology primitives).

168.1. Executing Verilog-2005 frontend: /nix/store/9r0bh7sp051dpm8km8bqlb028anpd3v3-yosys/bin/../share/yosys/techmap.v
Parsing Verilog input from `/nix/store/9r0bh7sp051dpm8km8bqlb028anpd3v3-yosys/bin/../share/yosys/techmap.v' to AST representation.
Generating RTLIL representation for module `\_90_simplemap_bool_ops'.
Generating RTLIL representation for module `\_90_simplemap_reduce_ops'.
Generating RTLIL representation for module `\_90_simplemap_logic_ops'.
Generating RTLIL representation for module `\_90_simplemap_compare_ops'.
Generating RTLIL representation for module `\_90_simplemap_various'.
Generating RTLIL representation for module `\_90_simplemap_registers'.
Generating RTLIL representation for module `\_90_shift_ops_shr_shl_sshl_sshr'.
Generating RTLIL representation for module `\_90_shift_shiftx'.
Generating RTLIL representation for module `\_90_fa'.
Generating RTLIL representation for module `\_90_lcu_brent_kung'.
Generating RTLIL representation for module `\_90_alu'.
Generating RTLIL representation for module `\_90_macc'.
Generating RTLIL representation for module `\_90_alumacc'.
Generating RTLIL representation for module `\$__div_mod_u'.
Generating RTLIL representation for module `\$__div_mod_trunc'.
Generating RTLIL representation for module `\_90_div'.
Generating RTLIL representation for module `\_90_mod'.
Generating RTLIL representation for module `\$__div_mod_floor'.
Generating RTLIL representation for module `\_90_divfloor'.
Generating RTLIL representation for module `\_90_modfloor'.
Generating RTLIL representation for module `\_90_pow'.
Generating RTLIL representation for module `\_90_pmux'.
Generating RTLIL representation for module `\_90_demux'.
Generating RTLIL representation for module `\_90_lut'.
Successfully finished Verilog frontend.

168.2. Continuing TECHMAP pass.
Using extmapper simplemap for cells of type $dffe.
Using extmapper simplemap for cells of type $and.
Running "alumacc" on wrapper $extern:wrap:$neg:A_SIGNED=0:A_WIDTH=32:Y_WIDTH=32:394426c56d1a028ba8fdd5469b163e04011def47.
Using template $extern:wrap:$neg:A_SIGNED=0:A_WIDTH=32:Y_WIDTH=32:394426c56d1a028ba8fdd5469b163e04011def47 for cells of type $extern:wrap:$neg:A_SIGNED=0:A_WIDTH=32:Y_WIDTH=32:394426c56d1a028ba8fdd5469b163e04011def47.
Using extmapper simplemap for cells of type $mux.
Using extmapper simplemap for cells of type $eq.
Using extmapper simplemap for cells of type $reduce_or.
Using extmapper simplemap for cells of type $not.
Using extmapper simplemap for cells of type $sdff.
Using template $paramod$33ab874425d3adaddf2d41f952a4453b398c0832\_90_pmux for cells of type $pmux.
Using template $paramod$fbc7873bff55778c0b3173955b7e4bce1d9d6834\_90_alu for cells of type $alu.
Using extmapper simplemap for cells of type $logic_not.
Using template $paramod$constmap:4621fcf06a436d1e2a4080e2ed9866a7d07a6e07$paramod$335cfd09f1afa8139c4aafcbbe5f361887b79c5e\_90_shift_ops_shr_shl_sshl_sshr for cells of type $shl.
Using template $paramod$8fabc56b80a569262acfc42757a02ca0b8e91278\_90_pmux for cells of type $pmux.
Using template $paramod$44a13d10af618e7fbe7b9aad2f6151ffcee1e2fa\_90_alu for cells of type $alu.
Using extmapper simplemap for cells of type $logic_and.
Using extmapper simplemap for cells of type $reduce_bool.
Using template $paramod$2653f68ddb8eab7b1907b4a20767b72a824a7a36\_90_alu for cells of type $alu.
Using template $paramod$89634d9c94f004ee97655114a860e3ea10684d05\_90_pmux for cells of type $pmux.
Using template $paramod$521ce43182eecb9f60c72393a788160d2c356bf5\_90_pmux for cells of type $pmux.
Using extmapper simplemap for cells of type $reduce_and.
Using extmapper simplemap for cells of type $xor.
Using extmapper simplemap for cells of type $dff.
Using extmapper simplemap for cells of type $or.
Using extmapper simplemap for cells of type $sdffce.
Using extmapper simplemap for cells of type $ne.
Using extmapper simplemap for cells of type $sdffe.
Using template $paramod$e891e6b399cf52748460a311fafe476815d24bd7\_90_alu for cells of type $alu.
Using template $paramod$2af30114e9bd4ccb04dad757b3f0a8f6bf0615b0\_90_alu for cells of type $alu.
Using template $paramod$3ef7d3dd227da7627a99c5e5a6a4deb817573e39\_90_alu for cells of type $alu.
Using template $paramod$c5c783b17ab1d780abfad8cfe6563a0a7b47a3b0\_90_pmux for cells of type $pmux.
Using template $paramod$215440792383f7884e57d9c95f84e9552d0bf4ac\_90_alu for cells of type $alu.
Using template $paramod$d588c4475f18bc347201f0f2671d73b8c1e7b7ea\_90_alu for cells of type $alu.
Using template $paramod$c3cd1564c35d873179656addd6052d7ea8b6d991\_90_alu for cells of type $alu.
Using template $paramod$175e67c02b86e96b1288b9dc100122520d7240d8\_90_alu for cells of type $alu.
Using template $paramod$025d767fc934a3e7d59a671de523743ebaa07759\_90_alu for cells of type $alu.
Using template $paramod$constmap:82d13b1faa4b21cb1487e5b4ddefba1164cb15a1$paramod$40ccfd5a7f1418017a9af25543d0c43a198b5946\_90_shift_shiftx for cells of type $shift.
Analyzing pattern of constant bits for this cell:
Creating constmapped module `$paramod$constmap:9d7c541a436e2c9bb59914d3a53cc61c099f37b0$paramod$40ccfd5a7f1418017a9af25543d0c43a198b5946\_90_shift_shiftx'.

168.47. Executing OPT_MUXTREE pass (detect dead branches in mux trees).
Running muxtree optimizer on module $paramod$constmap:9d7c541a436e2c9bb59914d3a53cc61c099f37b0$paramod$40ccfd5a7f1418017a9af25543d0c43a198b5946\_90_shift_shiftx..
  Creating internal representation of mux trees.
  Evaluating internal representation of mux trees.
  Analyzing evaluation results.
    dead port 2/2 on $mux $procmux$8705.
    dead port 2/2 on $mux $procmux$8699.
    dead port 2/2 on $mux $procmux$8693.
Removed 3 multiplexer ports.
<suppressed ~1265 debug messages>

168.48. Executing OPT_EXPR pass (perform const folding).
Optimizing module $paramod$constmap:9d7c541a436e2c9bb59914d3a53cc61c099f37b0$paramod$40ccfd5a7f1418017a9af25543d0c43a198b5946\_90_shift_shiftx.
<suppressed ~2 debug messages>
Removed 0 unused cells and 9 unused wires.
Using template $paramod$constmap:9d7c541a436e2c9bb59914d3a53cc61c099f37b0$paramod$40ccfd5a7f1418017a9af25543d0c43a198b5946\_90_shift_shiftx for cells of type $shift.
Using template $paramod$constmap:ee5af906ae0d3d414c6a0471604c553ef70c8e09$paramod$92adee9538f2381d8e5006822c900eb986d754e8\_90_shift_shiftx for cells of type $shiftx.
Using template $paramod$97565c3687be688407d1272a293bd9d0ae6852dc\_90_pmux for cells of type $pmux.
Using template $paramod$32a7b7b86c07519b7537abc18e96f0331f97914d\_90_alu for cells of type $alu.
Using template $paramod$645fe0cc96ae5edb83bff90cc2c78f4a20ca3e3c\_90_pmux for cells of type $pmux.
Using template $paramod$53700bbee849b2010ad0b60a61ccd204a10e24ca\_90_alu for cells of type $alu.
Using template $paramod$6df0329addda9228fcc2546de2aaf14ad26c98e1\_90_alu for cells of type $alu.
Using template $paramod\_90_lcu_brent_kung\WIDTH=32'00000000000000000000000000100000 for cells of type $lcu.
Using extmapper simplemap for cells of type $pos.
Using template $paramod\_90_lcu_brent_kung\WIDTH=32'00000000000000000000000000010000 for cells of type $lcu.
Using template $paramod\_90_lcu_brent_kung\WIDTH=32'00000000000000000000000000000010 for cells of type $lcu.
Using template $paramod\_90_lcu_brent_kung\WIDTH=32'00000000000000000000000000001001 for cells of type $lcu.
Using template $paramod\_90_lcu_brent_kung\WIDTH=32'00000000000000000000000000000100 for cells of type $lcu.
Using template $paramod\_90_lcu_brent_kung\WIDTH=32'00000000000000000000000000000011 for cells of type $lcu.
Using template $paramod\_90_lcu_brent_kung\WIDTH=32'00000000000000000000000000001000 for cells of type $lcu.
Using template $paramod\_90_lcu_brent_kung\WIDTH=32'00000000000000000000000000010001 for cells of type $lcu.
Using template $paramod\_90_lcu_brent_kung\WIDTH=32'00000000000000000000000000001101 for cells of type $lcu.
Using template $paramod\_90_lcu_brent_kung\WIDTH=32'00000000000000000000000000011110 for cells of type $lcu.
Using template $paramod$c6baa65225090ac0a120feab1b920965244aa496\_90_alu for cells of type $alu.
No more expansions possible.
<suppressed ~4046 debug messages>

169. Executing OPT_EXPR pass (perform const folding).
Optimizing module top.
<suppressed ~2979 debug messages>

170. Executing OPT_MERGE pass (detect identical cells).
Finding identical cells in module `\top'.
<suppressed ~2340 debug messages>
Removed a total of 780 cells.

171. Executing OPT_DFF pass (perform DFF optimizations).
Adding SRST signal on $auto$ff.cc:266:slice$6938 ($_DFF_P_) from module top (D = $memory\imem1.ram$rdmux[0][0][0]$b$3061 [25], Q = \core1.data.e1.instr [29], rval = 1'0).

172. Executing OPT_CLEAN pass (remove unused cells and wires).
Finding unused cells or wires in module \top..
Removed 690 unused cells and 2937 unused wires.
<suppressed ~691 debug messages>

173. Rerunning OPT passes (Removed registers in this run.)

174. Executing OPT_EXPR pass (perform const folding).
Optimizing module top.
<suppressed ~5 debug messages>

175. Executing OPT_MERGE pass (detect identical cells).
Finding identical cells in module `\top'.
Removed a total of 0 cells.

176. Executing OPT_DFF pass (perform DFF optimizations).
Adding SRST signal on $auto$ff.cc:266:slice$5498 ($_SDFF_PN0_) from module top (D = $auto$rtlil.cc:2628:Mux$2342 [0], Q = \core1.data.e1.instr [6], rval = 1'0).

177. Executing OPT_CLEAN pass (remove unused cells and wires).
Finding unused cells or wires in module \top..
Removed 1 unused cells and 2 unused wires.
<suppressed ~2 debug messages>

178. Rerunning OPT passes (Removed registers in this run.)

179. Executing OPT_EXPR pass (perform const folding).
Optimizing module top.

180. Executing OPT_MERGE pass (detect identical cells).
Finding identical cells in module `\top'.
Removed a total of 0 cells.

181. Executing OPT_DFF pass (perform DFF optimizations).

182. Executing OPT_CLEAN pass (remove unused cells and wires).
Finding unused cells or wires in module \top..

183. Executing OPT_EXPR pass (perform const folding).
Optimizing module top.

184. Executing OPT_MERGE pass (detect identical cells).
Finding identical cells in module `\top'.
Removed a total of 0 cells.

185. Executing OPT_DFF pass (perform DFF optimizations).

186. Executing OPT_CLEAN pass (remove unused cells and wires).
Finding unused cells or wires in module \top..

187. Executing ABC pass (technology mapping using ABC).

187.1. Extracting gate netlist of module `\top' to `<abc-temp-dir>/input.blif'..
Replacing 2 occurrences of constant undef bits with constant zero bits
Extracted 5048 gates and 6507 wires to a netlist network with 1456 inputs and 474 outputs.

187.1.1. Executing ABC.
Running ABC command: "/nix/store/6l3aj1gi4lja8z5s4lan2k2cfz9mqkrz-yosys-abc/bin/abc" -s -f <abc-temp-dir>/abc.script 2>&1
ABC: ABC command line: "source <abc-temp-dir>/abc.script".
ABC: 
ABC: + read_blif <abc-temp-dir>/input.blif 
ABC: + read_library <abc-temp-dir>/stdcells.genlib 
ABC: Entered genlib library with 13 gates from file "<abc-temp-dir>/stdcells.genlib".
ABC: + strash 
ABC: + dretime 
ABC: + map 
ABC: + write_blif <abc-temp-dir>/output.blif 

187.1.2. Re-integrating ABC results.
ABC RESULTS:               MUX cells:     1875
ABC RESULTS:              XNOR cells:       95
ABC RESULTS:               NOT cells:      485
ABC RESULTS:               XOR cells:      300
ABC RESULTS:               NOR cells:      202
ABC RESULTS:              NAND cells:      203
ABC RESULTS:               AND cells:      123
ABC RESULTS:             ORNOT cells:      149
ABC RESULTS:            ANDNOT cells:      885
ABC RESULTS:                OR cells:      737
ABC RESULTS:        internal signals:     4577
ABC RESULTS:           input signals:     1456
ABC RESULTS:          output signals:      474
Removing temp directory.

188. Executing OPT pass (performing simple optimizations).

188.1. Executing OPT_EXPR pass (perform const folding).
Optimizing module top.
<suppressed ~518 debug messages>

188.2. Executing OPT_MERGE pass (detect identical cells).
Finding identical cells in module `\top'.
<suppressed ~24 debug messages>
Removed a total of 8 cells.

188.3. Executing OPT_DFF pass (perform DFF optimizations).

188.4. Executing OPT_CLEAN pass (remove unused cells and wires).
Finding unused cells or wires in module \top..
Removed 8 unused cells and 3056 unused wires.
<suppressed ~65 debug messages>

188.5. Finished fast OPT passes.

189. Executing HIERARCHY pass (managing design hierarchy).

189.1. Analyzing design hierarchy..
Top module:  \top

189.2. Analyzing design hierarchy..
Top module:  \top
Removed 0 unused modules.

190. Executing CHECK pass (checking for obvious problems).
Checking module top...
Found and reported 0 problems.

191. Printing statistics.

=== top ===

   Number of wires:               5114
   Number of wire bits:           9793
   Number of public wires:         358
   Number of public wire bits:    4925
   Number of ports:                  9
   Number of port bits:            102
   Number of memories:               0
   Number of memory bits:            0
   Number of processes:              0
   Number of cells:               6764
     $_ANDNOT_                     885
     $_AND_                        123
     $_DFFE_PP_                   1152
     $_DFF_P_                       31
     $_MUX_                       1875
     $_NAND_                       203
     $_NOR_                        201
     $_NOT_                        477
     $_ORNOT_                      148
     $_OR_                         731
     $_SDFFCE_PN0P_                 24
     $_SDFFE_PP0N_                   2
     $_SDFFE_PP0P_                 385
     $_SDFFE_PP1P_                   1
     $_SDFF_PN0_                     4
     $_SDFF_PP0_                    90
     $_XNOR_                        95
     $_XOR_                        300
     $scopeinfo                     37

192. Generating Graphviz representation of design.
Writing dot description to `/home/vboxuser/Desktop/openlane/testing/runs/RUN_2026-08-18_07-41-02/06-yosys-synthesis/primitive_techmap.dot'.
Dumping module top to page 1.

193. Executing OPT pass (performing simple optimizations).

193.1. Executing OPT_EXPR pass (perform const folding).
Optimizing module top.

193.2. Executing OPT_MERGE pass (detect identical cells).
Finding identical cells in module `\top'.
Removed a total of 0 cells.

193.3. Executing OPT_MUXTREE pass (detect dead branches in mux trees).
Running muxtree optimizer on module \top..
  Creating internal representation of mux trees.
  No muxes found in this module.
Removed 0 multiplexer ports.

193.4. Executing OPT_REDUCE pass (consolidate $*mux and $reduce_* inputs).
  Optimizing cells in module \top.
Performed a total of 0 changes.

193.5. Executing OPT_MERGE pass (detect identical cells).
Finding identical cells in module `\top'.
Removed a total of 0 cells.

193.6. Executing OPT_DFF pass (perform DFF optimizations).

193.7. Executing OPT_CLEAN pass (remove unused cells and wires).
Finding unused cells or wires in module \top..

193.8. Executing OPT_EXPR pass (perform const folding).
Optimizing module top.

193.9. Finished OPT passes. (There is nothing left to do.)

194. Executing OPT_CLEAN pass (remove unused cells and wires).
Finding unused cells or wires in module \top..
Removed 37 unused cells and 246 unused wires.
<suppressed ~283 debug messages>
{
   "creator": "Yosys 0.46 (git sha1 e97731b9dda91fa5fa53ed87df7c34163ba59a41, clang++ 17.0.6 -fPIC -O3)",
   "invocation": "stat -json -liberty /home/vboxuser/Desktop/openlane/testing/runs/RUN_2026-08-18_07-41-02/tmp/a0bc7c892e5f453981648864d760f835.lib ",
   "modules": {
      "\\top": {
         "num_wires":         4868,
         "num_wire_bits":     6881,
         "num_pub_wires":     112,
         "num_pub_wire_bits": 2013,
         "num_ports":         9,
         "num_port_bits":     102,
         "num_memories":      0,
         "num_memory_bits":   0,
         "num_processes":     0,
         "num_cells":         6727,
         "num_cells_by_type": {
            "$_ANDNOT_": 885,
            "$_AND_": 123,
            "$_DFFE_PP_": 1152,
            "$_DFF_P_": 31,
            "$_MUX_": 1875,
            "$_NAND_": 203,
            "$_NOR_": 201,
            "$_NOT_": 477,
            "$_ORNOT_": 148,
            "$_OR_": 731,
            "$_SDFFCE_PN0P_": 24,
            "$_SDFFE_PP0N_": 2,
            "$_SDFFE_PP0P_": 385,
            "$_SDFFE_PP1P_": 1,
            "$_SDFF_PN0_": 4,
            "$_SDFF_PP0_": 90,
            "$_XNOR_": 95,
            "$_XOR_": 300
         }
      }
   },
      "design": {
         "num_wires":         4868,
         "num_wire_bits":     6881,
         "num_pub_wires":     112,
         "num_pub_wire_bits": 2013,
         "num_ports":         9,
         "num_port_bits":     102,
         "num_memories":      0,
         "num_memory_bits":   0,
         "num_processes":     0,
         "num_cells":         6727,
         "num_cells_by_type": {
            "$_ANDNOT_": 885,
            "$_AND_": 123,
            "$_DFFE_PP_": 1152,
            "$_DFF_P_": 31,
            "$_MUX_": 1875,
            "$_NAND_": 203,
            "$_NOR_": 201,
            "$_NOT_": 477,
            "$_ORNOT_": 148,
            "$_OR_": 731,
            "$_SDFFCE_PN0P_": 24,
            "$_SDFFE_PP0N_": 2,
            "$_SDFFE_PP0P_": 385,
            "$_SDFFE_PP1P_": 1,
            "$_SDFF_PN0_": 4,
            "$_SDFF_PP0_": 90,
            "$_XNOR_": 95,
            "$_XOR_": 300
         }
      }
}

195. Printing statistics.

=== top ===

   Number of wires:               4868
   Number of wire bits:           6881
   Number of public wires:         112
   Number of public wire bits:    2013
   Number of ports:                  9
   Number of port bits:            102
   Number of memories:               0
   Number of memory bits:            0
   Number of processes:              0
   Number of cells:               6727
     $_ANDNOT_                     885
     $_AND_                        123
     $_DFFE_PP_                   1152
     $_DFF_P_                       31
     $_MUX_                       1875
     $_NAND_                       203
     $_NOR_                        201
     $_NOT_                        477
     $_ORNOT_                      148
     $_OR_                         731
     $_SDFFCE_PN0P_                 24
     $_SDFFE_PP0N_                   2
     $_SDFFE_PP0P_                 385
     $_SDFFE_PP1P_                   1
     $_SDFF_PN0_                     4
     $_SDFF_PP0_                    90
     $_XNOR_                        95
     $_XOR_                        300

   Area for cell type $_NOT_ is unknown!
   Area for cell type $_AND_ is unknown!
   Area for cell type $_NAND_ is unknown!
   Area for cell type $_OR_ is unknown!
   Area for cell type $_NOR_ is unknown!
   Area for cell type $_XOR_ is unknown!
   Area for cell type $_XNOR_ is unknown!
   Area for cell type $_ANDNOT_ is unknown!
   Area for cell type $_ORNOT_ is unknown!
   Area for cell type $_MUX_ is unknown!
   Area for cell type $_DFF_P_ is unknown!
   Area for cell type $_DFFE_PP_ is unknown!
   Area for cell type $_SDFF_PN0_ is unknown!
   Area for cell type $_SDFF_PP0_ is unknown!
   Area for cell type $_SDFFE_PP0N_ is unknown!
   Area for cell type $_SDFFE_PP0P_ is unknown!
   Area for cell type $_SDFFE_PP1P_ is unknown!
   Area for cell type $_SDFFCE_PN0P_ is unknown!

[INFO] Applying tri-state buffer mapping from '/home/vboxuser/.ciel/ciel/sky130/versions/0fe599b2afb6708d281543108caf8310912f54af/sky130A/libs.tech/openlane/sky130_fd_sc_hd/tribuff_map.v'…

196. Executing TECHMAP pass (map to technology primitives).

196.1. Executing Verilog-2005 frontend: /home/vboxuser/.ciel/ciel/sky130/versions/0fe599b2afb6708d281543108caf8310912f54af/sky130A/libs.tech/openlane/sky130_fd_sc_hd/tribuff_map.v
Parsing Verilog input from `/home/vboxuser/.ciel/ciel/sky130/versions/0fe599b2afb6708d281543108caf8310912f54af/sky130A/libs.tech/openlane/sky130_fd_sc_hd/tribuff_map.v' to AST representation.
Generating RTLIL representation for module `\$_TBUF_'.
Successfully finished Verilog frontend.

196.2. Continuing TECHMAP pass.
No more expansions possible.
<suppressed ~3 debug messages>

197. Executing SIMPLEMAP pass (map simple cells to gate primitives).
[INFO] Applying latch mapping from '/home/vboxuser/.ciel/ciel/sky130/versions/0fe599b2afb6708d281543108caf8310912f54af/sky130A/libs.tech/openlane/sky130_fd_sc_hd/latch_map.v'…

198. Executing TECHMAP pass (map to technology primitives).

198.1. Executing Verilog-2005 frontend: /home/vboxuser/.ciel/ciel/sky130/versions/0fe599b2afb6708d281543108caf8310912f54af/sky130A/libs.tech/openlane/sky130_fd_sc_hd/latch_map.v
Parsing Verilog input from `/home/vboxuser/.ciel/ciel/sky130/versions/0fe599b2afb6708d281543108caf8310912f54af/sky130A/libs.tech/openlane/sky130_fd_sc_hd/latch_map.v' to AST representation.
Generating RTLIL representation for module `\$_DLATCH_P_'.
Generating RTLIL representation for module `\$_DLATCH_N_'.
Successfully finished Verilog frontend.

198.2. Continuing TECHMAP pass.
No more expansions possible.
<suppressed ~4 debug messages>

199. Executing SIMPLEMAP pass (map simple cells to gate primitives).

200. Executing DFFLIBMAP pass (mapping DFF cells to sequential cells from liberty file).
  cell sky130_fd_sc_hd__dfxtp_2 (noninv, pins=3, area=21.27) is a direct match for cell type $_DFF_P_.
  cell sky130_fd_sc_hd__dfrtp_2 (noninv, pins=4, area=26.28) is a direct match for cell type $_DFF_PN0_.
  cell sky130_fd_sc_hd__dfstp_2 (noninv, pins=4, area=26.28) is a direct match for cell type $_DFF_PN1_.
  cell sky130_fd_sc_hd__dfbbn_2 (noninv, pins=6, area=35.03) is a direct match for cell type $_DFFSR_NNN_.
  final dff cell mappings:
    unmapped dff cell: $_DFF_N_
    \sky130_fd_sc_hd__dfxtp_2 _DFF_P_ (.CLK( C), .D( D), .Q( Q));
    unmapped dff cell: $_DFF_NN0_
    unmapped dff cell: $_DFF_NN1_
    unmapped dff cell: $_DFF_NP0_
    unmapped dff cell: $_DFF_NP1_
    \sky130_fd_sc_hd__dfrtp_2 _DFF_PN0_ (.CLK( C), .D( D), .Q( Q), .RESET_B( R));
    \sky130_fd_sc_hd__dfstp_2 _DFF_PN1_ (.CLK( C), .D( D), .Q( Q), .SET_B( R));
    unmapped dff cell: $_DFF_PP0_
    unmapped dff cell: $_DFF_PP1_
    \sky130_fd_sc_hd__dfbbn_2 _DFFSR_NNN_ (.CLK_N( C), .D( D), .Q( Q), .Q_N(~Q), .RESET_B( R), .SET_B( S));
    unmapped dff cell: $_DFFSR_NNP_
    unmapped dff cell: $_DFFSR_NPN_
    unmapped dff cell: $_DFFSR_NPP_
    unmapped dff cell: $_DFFSR_PNN_
    unmapped dff cell: $_DFFSR_PNP_
    unmapped dff cell: $_DFFSR_PPN_
    unmapped dff cell: $_DFFSR_PPP_

200.1. Executing DFFLEGALIZE pass (convert FFs to types supported by the target).
Mapping DFF cells in module `\top':
  mapped 1689 $_DFF_P_ cells to \sky130_fd_sc_hd__dfxtp_2 cells.
{
   "creator": "Yosys 0.46 (git sha1 e97731b9dda91fa5fa53ed87df7c34163ba59a41, clang++ 17.0.6 -fPIC -O3)",
   "invocation": "stat -json -liberty /home/vboxuser/Desktop/openlane/testing/runs/RUN_2026-08-18_07-41-02/tmp/a0bc7c892e5f453981648864d760f835.lib ",
   "modules": {
      "\\top": {
         "num_wires":         6938,
         "num_wire_bits":     8951,
         "num_pub_wires":     112,
         "num_pub_wire_bits": 2013,
         "num_ports":         9,
         "num_port_bits":     102,
         "num_memories":      0,
         "num_memory_bits":   0,
         "num_processes":     0,
         "num_cells":         8797,
         "area":              35925.705600,
         "num_cells_by_type": {
            "$_ANDNOT_": 885,
            "$_AND_": 123,
            "$_MUX_": 3945,
            "$_NAND_": 203,
            "$_NOR_": 201,
            "$_NOT_": 477,
            "$_ORNOT_": 148,
            "$_OR_": 731,
            "$_XNOR_": 95,
            "$_XOR_": 300,
            "sky130_fd_sc_hd__dfxtp_2": 1689
         }
      }
   },
      "design": {
         "num_wires":         6938,
         "num_wire_bits":     8951,
         "num_pub_wires":     112,
         "num_pub_wire_bits": 2013,
         "num_ports":         9,
         "num_port_bits":     102,
         "num_memories":      0,
         "num_memory_bits":   0,
         "num_processes":     0,
         "num_cells":         8797,
         "area":              35925.705600,
         "num_cells_by_type": {
            "$_ANDNOT_": 885,
            "$_AND_": 123,
            "$_MUX_": 3945,
            "$_NAND_": 203,
            "$_NOR_": 201,
            "$_NOT_": 477,
            "$_ORNOT_": 148,
            "$_OR_": 731,
            "$_XNOR_": 95,
            "$_XOR_": 300,
            "sky130_fd_sc_hd__dfxtp_2": 1689
         }
      }
}

201. Printing statistics.

=== top ===

   Number of wires:               6938
   Number of wire bits:           8951
   Number of public wires:         112
   Number of public wire bits:    2013
   Number of ports:                  9
   Number of port bits:            102
   Number of memories:               0
   Number of memory bits:            0
   Number of processes:              0
   Number of cells:               8797
     $_ANDNOT_                     885
     $_AND_                        123
     $_MUX_                       3945
     $_NAND_                       203
     $_NOR_                        201
     $_NOT_                        477
     $_ORNOT_                      148
     $_OR_                         731
     $_XNOR_                        95
     $_XOR_                        300
     sky130_fd_sc_hd__dfxtp_2     1689

   Area for cell type $_NOT_ is unknown!
   Area for cell type $_AND_ is unknown!
   Area for cell type $_NAND_ is unknown!
   Area for cell type $_OR_ is unknown!
   Area for cell type $_NOR_ is unknown!
   Area for cell type $_XOR_ is unknown!
   Area for cell type $_XNOR_ is unknown!
   Area for cell type $_ANDNOT_ is unknown!
   Area for cell type $_ORNOT_ is unknown!
   Area for cell type $_MUX_ is unknown!

   Chip area for module '\top': 35925.705600
     of which used for sequential elements: 35925.705600 (100.00%)

[INFO] Using generated ABC script '/home/vboxuser/Desktop/openlane/testing/runs/RUN_2026-08-18_07-41-02/06-yosys-synthesis/DELAY_3.abc'…

202. Executing ABC pass (technology mapping using ABC).

202.1. Extracting gate netlist of module `\top' to `/tmp/yosys-abc-REZNov/input.blif'..
Extracted 7108 gates and 8800 wires to a netlist network with 1690 inputs and 1755 outputs.

202.1.1. Executing ABC.
Running ABC command: "/nix/store/6l3aj1gi4lja8z5s4lan2k2cfz9mqkrz-yosys-abc/bin/abc" -s -f /tmp/yosys-abc-REZNov/abc.script 2>&1
ABC: ABC command line: "source /tmp/yosys-abc-REZNov/abc.script".
ABC: 
ABC: + read_blif /tmp/yosys-abc-REZNov/input.blif 
ABC: + read_lib -w /home/vboxuser/Desktop/openlane/testing/runs/RUN_2026-08-18_07-41-02/tmp/a0bc7c892e5f453981648864d760f835.lib 
ABC: Parsing finished successfully.  Parsing time =     0.03 sec
ABC: Scl_LibertyReadGenlib() skipped sequential cell "sky130_fd_sc_hd__dfbbn_2".
ABC: Scl_LibertyReadGenlib() skipped sequential cell "sky130_fd_sc_hd__dfrbp_2".
ABC: Scl_LibertyReadGenlib() skipped sequential cell "sky130_fd_sc_hd__dfrtp_2".
ABC: Scl_LibertyReadGenlib() skipped sequential cell "sky130_fd_sc_hd__dfrtp_4".
ABC: Scl_LibertyReadGenlib() skipped sequential cell "sky130_fd_sc_hd__dfsbp_2".
ABC: Scl_LibertyReadGenlib() skipped sequential cell "sky130_fd_sc_hd__dfstp_2".
ABC: Scl_LibertyReadGenlib() skipped sequential cell "sky130_fd_sc_hd__dfstp_4".
ABC: Scl_LibertyReadGenlib() skipped sequential cell "sky130_fd_sc_hd__dfxbp_2".
ABC: Scl_LibertyReadGenlib() skipped sequential cell "sky130_fd_sc_hd__dfxtp_2".
ABC: Scl_LibertyReadGenlib() skipped sequential cell "sky130_fd_sc_hd__dfxtp_4".
ABC: Scl_LibertyReadGenlib() skipped sequential cell "sky130_fd_sc_hd__dlxtn_1".
ABC: Scl_LibertyReadGenlib() skipped sequential cell "sky130_fd_sc_hd__dlxtn_2".
ABC: Scl_LibertyReadGenlib() skipped sequential cell "sky130_fd_sc_hd__dlxtn_4".
ABC: Scl_LibertyReadGenlib() skipped sequential cell "sky130_fd_sc_hd__dlxtp_1".
ABC: Scl_LibertyReadGenlib() skipped three-state cell "sky130_fd_sc_hd__ebufn_2".
ABC: Scl_LibertyReadGenlib() skipped three-state cell "sky130_fd_sc_hd__ebufn_4".
ABC: Scl_LibertyReadGenlib() skipped three-state cell "sky130_fd_sc_hd__ebufn_8".
ABC: Library "sky130_fd_sc_hd__tt_025C_1v80" from "/home/vboxuser/Desktop/openlane/testing/runs/RUN_2026-08-18_07-41-02/tmp/a0bc7c892e5f453981648864d760f835.lib" has 175 cells (17 skipped: 14 seq; 3 tri-state; 0 no func; 0 dont_use).  Time =     0.05 sec
ABC: Memory =    9.54 MB. Time =     0.05 sec
ABC: Warning: Detected 2 multi-output gates (for example, "sky130_fd_sc_hd__fa_1").
ABC: + read_constr -v /home/vboxuser/Desktop/openlane/testing/runs/RUN_2026-08-18_07-41-02/06-yosys-synthesis/synthesis.abc.sdc 
ABC: Setting driving cell to be "sky130_fd_sc_hd__inv_2/Y".
ABC: Setting output load to be 33.442001.
ABC: + source /home/vboxuser/Desktop/openlane/testing/runs/RUN_2026-08-18_07-41-02/06-yosys-synthesis/DELAY_3.abc 
ABC: Error: The network is combinational.
ABC: The cell areas are multiplied by the factor: <num_fanins> ^ (0.90).
ABC: The cell delays are multiplied by the factor: <num_fanins> ^ (0.20).
ABC: Cannot find the default PI driving cell (sky130_fd_sc_hd__inv_2/Y) in the library.
ABC: WireLoad = "none"  Gates =   5078 (  2.8 %)   Cap = 15.8 ff (  8.2 %)   Area =    52241.36 ( 71.6 %)   Delay = 10156.82 ps  (  4.4 %)               
ABC: Path  0 --     433 : 0   42 pi                         A =   0.00  Df =   0.0   -0.0 ps  S =   0.0 ps  Cin =  0.0 ff  Cout = 170.0 ff  Cmax =   0.0 ff  G =    0  
ABC: Path  1 --    3501 : 2   27 sky130_fd_sc_hd__nor2_2    A =   6.26  Df = 924.0 -736.1 ps  S =1241.1 ps  Cin =  4.4 ff  Cout = 118.6 ff  Cmax = 141.9 ff  G = 2558  
ABC: Path  2 --    3505 : 3   26 sky130_fd_sc_hd__a21o_2    A =   8.76  Df =1560.7 -917.3 ps  S = 571.1 ps  Cin =  2.4 ff  Cout = 115.9 ff  Cmax = 309.5 ff  G = 4607  
ABC: Path  3 --    4131 : 3   31 sky130_fd_sc_hd__a21oi_2   A =   8.76  Df =2277.9 -345.7 ps  S =1414.9 ps  Cin =  4.6 ff  Cout = 121.2 ff  Cmax = 128.2 ff  G = 2495  
ABC: Path  4 --    4553 : 4   12 sky130_fd_sc_hd__a22oi_2   A =  12.51  Df =2656.3 -143.7 ps  S = 558.7 ps  Cin =  4.3 ff  Cout =  42.4 ff  Cmax = 170.3 ff  G =  949  
ABC: Path  5 --    4741 : 4   12 sky130_fd_sc_hd__nand4_2   A =  12.51  Df =3058.0 -152.9 ps  S = 376.8 ps  Cin =  4.4 ff  Cout =  49.0 ff  Cmax = 200.5 ff  G = 1065  
ABC: Path  6 --    4880 : 3    6 sky130_fd_sc_hd__nor3_2    A =  10.01  Df =3412.4 -202.1 ps  S = 438.3 ps  Cin =  4.4 ff  Cout =  24.0 ff  Cmax =  92.5 ff  G =  529  
ABC: Path  7 --    5066 : 4   12 sky130_fd_sc_hd__nand4_2   A =  12.51  Df =3775.7 -324.1 ps  S = 352.7 ps  Cin =  4.4 ff  Cout =  44.3 ff  Cmax = 200.5 ff  G =  963  
ABC: Path  8 --    5136 : 4    6 sky130_fd_sc_hd__nand4b_2  A =  15.01  Df =4202.9 -476.7 ps  S = 217.9 ps  Cin =  3.7 ff  Cout =  26.2 ff  Cmax = 200.5 ff  G =  666  
ABC: Path  9 --    5155 : 3    3 sky130_fd_sc_hd__o21ai_2   A =   8.76  Df =4452.5 -620.8 ps  S = 198.1 ps  Cin =  4.5 ff  Cout =  13.3 ff  Cmax = 139.2 ff  G =  285  
ABC: Path 10 --    5183 : 4    2 sky130_fd_sc_hd__o211ai_2  A =  12.51  Df =4583.5 -625.8 ps  S = 205.5 ps  Cin =  4.4 ff  Cout =   9.3 ff  Cmax = 133.7 ff  G =  200  
ABC: Path 11 --    5185 : 2    3 sky130_fd_sc_hd__nand2_2   A =   6.26  Df =4742.9 -680.7 ps  S =  98.9 ps  Cin =  4.4 ff  Cout =  11.9 ff  Cmax = 295.7 ff  G =  259  
ABC: Path 12 --    5187 : 3    3 sky130_fd_sc_hd__a21o_2    A =   8.76  Df =4898.1   -5.1 ps  S =  58.7 ps  Cin =  2.4 ff  Cout =   8.6 ff  Cmax = 309.5 ff  G =  353  
ABC: Path 13 --    5202 : 4    2 sky130_fd_sc_hd__and4_2    A =  10.01  Df =5136.1   -0.6 ps  S =  83.0 ps  Cin =  1.5 ff  Cout =   9.2 ff  Cmax = 300.3 ff  G =  578  
ABC: Path 14 --    5206 : 4    3 sky130_fd_sc_hd__a31oi_2   A =  12.51  Df =5402.2 -136.2 ps  S = 249.3 ps  Cin =  4.4 ff  Cout =  14.0 ff  Cmax = 118.1 ff  G =  299  
ABC: Path 15 --    5210 : 5    9 sky130_fd_sc_hd__o311ai_2  A =  16.27  Df =5899.1 -255.0 ps  S = 750.3 ps  Cin =  4.4 ff  Cout =  37.0 ff  Cmax =  82.4 ff  G =  797  
ABC: Path 16 --    5211 : 1    7 sky130_fd_sc_hd__inv_2     A =   3.75  Df =6166.0 -242.0 ps  S = 230.0 ps  Cin =  4.5 ff  Cout =  47.3 ff  Cmax = 331.4 ff  G = 1041  
ABC: Path 17 --    5442 : 4   11 sky130_fd_sc_hd__a31oi_2   A =  12.51  Df =6669.4 -594.4 ps  S = 526.1 ps  Cin =  4.4 ff  Cout =  37.6 ff  Cmax = 118.1 ff  G =  828  
ABC: Path 18 --    6069 : 5   54 sky130_fd_sc_hd__o2111ai_2 A =  15.01  Df =7456.7 -101.7 ps  S =1592.9 ps  Cin =  4.3 ff  Cout = 139.8 ff  Cmax = 129.1 ff  G = 2992  
ABC: Path 19 --    6313 : 3   37 sky130_fd_sc_hd__nor3_2    A =  10.01  Df =9283.4-1212.9 ps  S =2016.2 ps  Cin =  4.4 ff  Cout = 130.2 ff  Cmax =  92.5 ff  G = 2881  
ABC: Path 20 --    6314 : 3    1 sky130_fd_sc_hd__mux2_1    A =  11.26  Df =10156.8-1436.9 ps  S = 305.5 ps  Cin =  2.3 ff  Cout =  33.4 ff  Cmax = 173.0 ff  G = 1465  
ABC: Start-point = pi432 (\core1.data.e1.instr [23]).  End-point = po422 ($auto$rtlil.cc:2739:MuxGate$22339).
ABC: netlist                       : i/o = 1690/ 1755  lat =    0  nd =  5078  edge =  17040  area =17950.47  delay =2612.27  lev = 31
ABC: + write_blif /tmp/yosys-abc-REZNov/output.blif 

202.1.2. Re-integrating ABC results.
ABC RESULTS:   sky130_fd_sc_hd__a2bb2oi_2 cells:        7
ABC RESULTS:   sky130_fd_sc_hd__a221oi_2 cells:       10
ABC RESULTS:   sky130_fd_sc_hd__o31ai_2 cells:        9
ABC RESULTS:   sky130_fd_sc_hd__inv_2 cells:      111
ABC RESULTS:   sky130_fd_sc_hd__o2bb2ai_2 cells:       11
ABC RESULTS:   sky130_fd_sc_hd__a21boi_2 cells:        6
ABC RESULTS:   sky130_fd_sc_hd__and4bb_2 cells:        4
ABC RESULTS:   sky130_fd_sc_hd__a2111o_2 cells:        3
ABC RESULTS:   sky130_fd_sc_hd__o41ai_2 cells:        3
ABC RESULTS:   sky130_fd_sc_hd__a41oi_2 cells:       11
ABC RESULTS:   sky130_fd_sc_hd__nor3b_2 cells:        5
ABC RESULTS:   sky130_fd_sc_hd__and4b_2 cells:       12
ABC RESULTS:   sky130_fd_sc_hd__o41a_2 cells:        7
ABC RESULTS:   sky130_fd_sc_hd__o31a_2 cells:       88
ABC RESULTS:   sky130_fd_sc_hd__o2111a_2 cells:       12
ABC RESULTS:   sky130_fd_sc_hd__or4bb_2 cells:        4
ABC RESULTS:   sky130_fd_sc_hd__nand4b_2 cells:        7
ABC RESULTS:   sky130_fd_sc_hd__nor4_2 cells:       16
ABC RESULTS:   sky130_fd_sc_hd__a2111oi_2 cells:        2
ABC RESULTS:   sky130_fd_sc_hd__a41o_2 cells:       34
ABC RESULTS:   sky130_fd_sc_hd__nor3_2 cells:       23
ABC RESULTS:   sky130_fd_sc_hd__mux4_2 cells:      177
ABC RESULTS:   sky130_fd_sc_hd__nor4b_2 cells:        3
ABC RESULTS:   sky130_fd_sc_hd__mux2_1 cells:     1021
ABC RESULTS:   sky130_fd_sc_hd__o221ai_2 cells:       42
ABC RESULTS:   sky130_fd_sc_hd__o22a_2 cells:       83
ABC RESULTS:   sky130_fd_sc_hd__o22ai_2 cells:       27
ABC RESULTS:   sky130_fd_sc_hd__o2bb2a_2 cells:       28
ABC RESULTS:   sky130_fd_sc_hd__and2b_2 cells:       62
ABC RESULTS:   sky130_fd_sc_hd__and3b_2 cells:       35
ABC RESULTS:   sky130_fd_sc_hd__o211ai_2 cells:      135
ABC RESULTS:   sky130_fd_sc_hd__and4_2 cells:       46
ABC RESULTS:   sky130_fd_sc_hd__or4b_2 cells:       36
ABC RESULTS:   sky130_fd_sc_hd__a31o_2 cells:      157
ABC RESULTS:   sky130_fd_sc_hd__and3_2 cells:      128
ABC RESULTS:   sky130_fd_sc_hd__a221o_2 cells:       37
ABC RESULTS:   sky130_fd_sc_hd__o21ba_2 cells:       69
ABC RESULTS:   sky130_fd_sc_hd__a22o_2 cells:      127
ABC RESULTS:   sky130_fd_sc_hd__a31oi_2 cells:       36
ABC RESULTS:   sky130_fd_sc_hd__o32ai_2 cells:        4
ABC RESULTS:   sky130_fd_sc_hd__nand2b_2 cells:      101
ABC RESULTS:   sky130_fd_sc_hd__or3b_2 cells:       18
ABC RESULTS:   sky130_fd_sc_hd__o21bai_2 cells:       45
ABC RESULTS:   sky130_fd_sc_hd__xor2_2 cells:       14
ABC RESULTS:   sky130_fd_sc_hd__o211a_2 cells:      308
ABC RESULTS:   sky130_fd_sc_hd__nand4_2 cells:       33
ABC RESULTS:   sky130_fd_sc_hd__a32oi_2 cells:        8
ABC RESULTS:   sky130_fd_sc_hd__or4_2 cells:       71
ABC RESULTS:   sky130_fd_sc_hd__a21bo_2 cells:        9
ABC RESULTS:   sky130_fd_sc_hd__a2bb2o_2 cells:       14
ABC RESULTS:   sky130_fd_sc_hd__a311o_2 cells:       15
ABC RESULTS:   sky130_fd_sc_hd__a211oi_2 cells:       15
ABC RESULTS:   sky130_fd_sc_hd__o311a_2 cells:       35
ABC RESULTS:   sky130_fd_sc_hd__or3_2 cells:       73
ABC RESULTS:   sky130_fd_sc_hd__and2_2 cells:       83
ABC RESULTS:   sky130_fd_sc_hd__o21ai_2 cells:      314
ABC RESULTS:   sky130_fd_sc_hd__o311ai_2 cells:        8
ABC RESULTS:   sky130_fd_sc_hd__or2_2 cells:      105
ABC RESULTS:   sky130_fd_sc_hd__a21o_2 cells:      124
ABC RESULTS:   sky130_fd_sc_hd__o32a_2 cells:       20
ABC RESULTS:   sky130_fd_sc_hd__nand2_2 cells:      163
ABC RESULTS:   sky130_fd_sc_hd__a211o_2 cells:       23
ABC RESULTS:   sky130_fd_sc_hd__nand3_2 cells:      101
ABC RESULTS:   sky130_fd_sc_hd__a22oi_2 cells:       58
ABC RESULTS:   sky130_fd_sc_hd__o2111ai_2 cells:       23
ABC RESULTS:   sky130_fd_sc_hd__nand3b_2 cells:       10
ABC RESULTS:   sky130_fd_sc_hd__o221a_2 cells:      120
ABC RESULTS:   sky130_fd_sc_hd__nor2_2 cells:      113
ABC RESULTS:   sky130_fd_sc_hd__xnor2_2 cells:       22
ABC RESULTS:   sky130_fd_sc_hd__a21oi_2 cells:      183
ABC RESULTS:   sky130_fd_sc_hd__a32o_2 cells:       32
ABC RESULTS:   sky130_fd_sc_hd__a311oi_2 cells:        7
ABC RESULTS:   sky130_fd_sc_hd__o21a_2 cells:      140
ABC RESULTS:   sky130_fd_sc_hd__buf_1 cells:       32
ABC RESULTS:        internal signals:     5355
ABC RESULTS:           input signals:     1690
ABC RESULTS:          output signals:     1755
Removing temp directory.

203. Executing SETUNDEF pass (replace undef values with defined constants).

204. Executing HILOMAP pass (mapping to constant drivers).

205. Executing SPLITNETS pass (splitting up multi-bit signals).

206. Executing OPT_CLEAN pass (remove unused cells and wires).
Finding unused cells or wires in module \top..
Removed 24 unused cells and 8974 unused wires.
<suppressed ~283 debug messages>

207. Executing INSBUF pass (insert buffer cells for connected wires).

208. Executing CHECK pass (checking for obvious problems).
Checking module top...
Found and reported 0 problems.
{
   "creator": "Yosys 0.46 (git sha1 e97731b9dda91fa5fa53ed87df7c34163ba59a41, clang++ 17.0.6 -fPIC -O3)",
   "invocation": "stat -json -liberty /home/vboxuser/Desktop/openlane/testing/runs/RUN_2026-08-18_07-41-02/tmp/a0bc7c892e5f453981648864d760f835.lib ",
   "modules": {
      "\\top": {
         "num_wires":         6676,
         "num_wire_bits":     6769,
         "num_pub_wires":     1662,
         "num_pub_wire_bits": 1755,
         "num_ports":         9,
         "num_port_bits":     102,
         "num_memories":      0,
         "num_memory_bits":   0,
         "num_processes":     0,
         "num_cells":         6767,
         "area":              88167.059200,
         "num_cells_by_type": {
            "sky130_fd_sc_hd__a2111o_2": 3,
            "sky130_fd_sc_hd__a2111oi_2": 2,
            "sky130_fd_sc_hd__a211o_2": 23,
            "sky130_fd_sc_hd__a211oi_2": 15,
            "sky130_fd_sc_hd__a21bo_2": 9,
            "sky130_fd_sc_hd__a21boi_2": 6,
            "sky130_fd_sc_hd__a21o_2": 124,
            "sky130_fd_sc_hd__a21oi_2": 183,
            "sky130_fd_sc_hd__a221o_2": 37,
            "sky130_fd_sc_hd__a221oi_2": 10,
            "sky130_fd_sc_hd__a22o_2": 127,
            "sky130_fd_sc_hd__a22oi_2": 58,
            "sky130_fd_sc_hd__a2bb2o_2": 14,
            "sky130_fd_sc_hd__a2bb2oi_2": 7,
            "sky130_fd_sc_hd__a311o_2": 15,
            "sky130_fd_sc_hd__a311oi_2": 7,
            "sky130_fd_sc_hd__a31o_2": 157,
            "sky130_fd_sc_hd__a31oi_2": 36,
            "sky130_fd_sc_hd__a32o_2": 32,
            "sky130_fd_sc_hd__a32oi_2": 8,
            "sky130_fd_sc_hd__a41o_2": 34,
            "sky130_fd_sc_hd__a41oi_2": 11,
            "sky130_fd_sc_hd__and2_2": 83,
            "sky130_fd_sc_hd__and2b_2": 62,
            "sky130_fd_sc_hd__and3_2": 128,
            "sky130_fd_sc_hd__and3b_2": 35,
            "sky130_fd_sc_hd__and4_2": 46,
            "sky130_fd_sc_hd__and4b_2": 12,
            "sky130_fd_sc_hd__and4bb_2": 4,
            "sky130_fd_sc_hd__buf_1": 32,
            "sky130_fd_sc_hd__dfxtp_2": 1689,
            "sky130_fd_sc_hd__inv_2": 111,
            "sky130_fd_sc_hd__mux2_1": 1021,
            "sky130_fd_sc_hd__mux4_2": 177,
            "sky130_fd_sc_hd__nand2_2": 163,
            "sky130_fd_sc_hd__nand2b_2": 101,
            "sky130_fd_sc_hd__nand3_2": 101,
            "sky130_fd_sc_hd__nand3b_2": 10,
            "sky130_fd_sc_hd__nand4_2": 33,
            "sky130_fd_sc_hd__nand4b_2": 7,
            "sky130_fd_sc_hd__nor2_2": 113,
            "sky130_fd_sc_hd__nor3_2": 23,
            "sky130_fd_sc_hd__nor3b_2": 5,
            "sky130_fd_sc_hd__nor4_2": 16,
            "sky130_fd_sc_hd__nor4b_2": 3,
            "sky130_fd_sc_hd__o2111a_2": 12,
            "sky130_fd_sc_hd__o2111ai_2": 23,
            "sky130_fd_sc_hd__o211a_2": 308,
            "sky130_fd_sc_hd__o211ai_2": 135,
            "sky130_fd_sc_hd__o21a_2": 140,
            "sky130_fd_sc_hd__o21ai_2": 314,
            "sky130_fd_sc_hd__o21ba_2": 69,
            "sky130_fd_sc_hd__o21bai_2": 45,
            "sky130_fd_sc_hd__o221a_2": 120,
            "sky130_fd_sc_hd__o221ai_2": 42,
            "sky130_fd_sc_hd__o22a_2": 83,
            "sky130_fd_sc_hd__o22ai_2": 27,
            "sky130_fd_sc_hd__o2bb2a_2": 28,
            "sky130_fd_sc_hd__o2bb2ai_2": 11,
            "sky130_fd_sc_hd__o311a_2": 35,
            "sky130_fd_sc_hd__o311ai_2": 8,
            "sky130_fd_sc_hd__o31a_2": 88,
            "sky130_fd_sc_hd__o31ai_2": 9,
            "sky130_fd_sc_hd__o32a_2": 20,
            "sky130_fd_sc_hd__o32ai_2": 4,
            "sky130_fd_sc_hd__o41a_2": 7,
            "sky130_fd_sc_hd__o41ai_2": 3,
            "sky130_fd_sc_hd__or2_2": 105,
            "sky130_fd_sc_hd__or3_2": 73,
            "sky130_fd_sc_hd__or3b_2": 18,
            "sky130_fd_sc_hd__or4_2": 71,
            "sky130_fd_sc_hd__or4b_2": 36,
            "sky130_fd_sc_hd__or4bb_2": 4,
            "sky130_fd_sc_hd__xnor2_2": 22,
            "sky130_fd_sc_hd__xor2_2": 14
         }
      }
   },
      "design": {
         "num_wires":         6676,
         "num_wire_bits":     6769,
         "num_pub_wires":     1662,
         "num_pub_wire_bits": 1755,
         "num_ports":         9,
         "num_port_bits":     102,
         "num_memories":      0,
         "num_memory_bits":   0,
         "num_processes":     0,
         "num_cells":         6767,
         "area":              88167.059200,
         "num_cells_by_type": {
            "sky130_fd_sc_hd__a2111o_2": 3,
            "sky130_fd_sc_hd__a2111oi_2": 2,
            "sky130_fd_sc_hd__a211o_2": 23,
            "sky130_fd_sc_hd__a211oi_2": 15,
            "sky130_fd_sc_hd__a21bo_2": 9,
            "sky130_fd_sc_hd__a21boi_2": 6,
            "sky130_fd_sc_hd__a21o_2": 124,
            "sky130_fd_sc_hd__a21oi_2": 183,
            "sky130_fd_sc_hd__a221o_2": 37,
            "sky130_fd_sc_hd__a221oi_2": 10,
            "sky130_fd_sc_hd__a22o_2": 127,
            "sky130_fd_sc_hd__a22oi_2": 58,
            "sky130_fd_sc_hd__a2bb2o_2": 14,
            "sky130_fd_sc_hd__a2bb2oi_2": 7,
            "sky130_fd_sc_hd__a311o_2": 15,
            "sky130_fd_sc_hd__a311oi_2": 7,
            "sky130_fd_sc_hd__a31o_2": 157,
            "sky130_fd_sc_hd__a31oi_2": 36,
            "sky130_fd_sc_hd__a32o_2": 32,
            "sky130_fd_sc_hd__a32oi_2": 8,
            "sky130_fd_sc_hd__a41o_2": 34,
            "sky130_fd_sc_hd__a41oi_2": 11,
            "sky130_fd_sc_hd__and2_2": 83,
            "sky130_fd_sc_hd__and2b_2": 62,
            "sky130_fd_sc_hd__and3_2": 128,
            "sky130_fd_sc_hd__and3b_2": 35,
            "sky130_fd_sc_hd__and4_2": 46,
            "sky130_fd_sc_hd__and4b_2": 12,
            "sky130_fd_sc_hd__and4bb_2": 4,
            "sky130_fd_sc_hd__buf_1": 32,
            "sky130_fd_sc_hd__dfxtp_2": 1689,
            "sky130_fd_sc_hd__inv_2": 111,
            "sky130_fd_sc_hd__mux2_1": 1021,
            "sky130_fd_sc_hd__mux4_2": 177,
            "sky130_fd_sc_hd__nand2_2": 163,
            "sky130_fd_sc_hd__nand2b_2": 101,
            "sky130_fd_sc_hd__nand3_2": 101,
            "sky130_fd_sc_hd__nand3b_2": 10,
            "sky130_fd_sc_hd__nand4_2": 33,
            "sky130_fd_sc_hd__nand4b_2": 7,
            "sky130_fd_sc_hd__nor2_2": 113,
            "sky130_fd_sc_hd__nor3_2": 23,
            "sky130_fd_sc_hd__nor3b_2": 5,
            "sky130_fd_sc_hd__nor4_2": 16,
            "sky130_fd_sc_hd__nor4b_2": 3,
            "sky130_fd_sc_hd__o2111a_2": 12,
            "sky130_fd_sc_hd__o2111ai_2": 23,
            "sky130_fd_sc_hd__o211a_2": 308,
            "sky130_fd_sc_hd__o211ai_2": 135,
            "sky130_fd_sc_hd__o21a_2": 140,
            "sky130_fd_sc_hd__o21ai_2": 314,
            "sky130_fd_sc_hd__o21ba_2": 69,
            "sky130_fd_sc_hd__o21bai_2": 45,
            "sky130_fd_sc_hd__o221a_2": 120,
            "sky130_fd_sc_hd__o221ai_2": 42,
            "sky130_fd_sc_hd__o22a_2": 83,
            "sky130_fd_sc_hd__o22ai_2": 27,
            "sky130_fd_sc_hd__o2bb2a_2": 28,
            "sky130_fd_sc_hd__o2bb2ai_2": 11,
            "sky130_fd_sc_hd__o311a_2": 35,
            "sky130_fd_sc_hd__o311ai_2": 8,
            "sky130_fd_sc_hd__o31a_2": 88,
            "sky130_fd_sc_hd__o31ai_2": 9,
            "sky130_fd_sc_hd__o32a_2": 20,
            "sky130_fd_sc_hd__o32ai_2": 4,
            "sky130_fd_sc_hd__o41a_2": 7,
            "sky130_fd_sc_hd__o41ai_2": 3,
            "sky130_fd_sc_hd__or2_2": 105,
            "sky130_fd_sc_hd__or3_2": 73,
            "sky130_fd_sc_hd__or3b_2": 18,
            "sky130_fd_sc_hd__or4_2": 71,
            "sky130_fd_sc_hd__or4b_2": 36,
            "sky130_fd_sc_hd__or4bb_2": 4,
            "sky130_fd_sc_hd__xnor2_2": 22,
            "sky130_fd_sc_hd__xor2_2": 14
         }
      }
}

209. Printing statistics.

=== top ===

   Number of wires:               6676
   Number of wire bits:           6769
   Number of public wires:        1662
   Number of public wire bits:    1755
   Number of ports:                  9
   Number of port bits:            102
   Number of memories:               0
   Number of memory bits:            0
   Number of processes:              0
   Number of cells:               6767
     sky130_fd_sc_hd__a2111o_2       3
     sky130_fd_sc_hd__a2111oi_2      2
     sky130_fd_sc_hd__a211o_2       23
     sky130_fd_sc_hd__a211oi_2      15
     sky130_fd_sc_hd__a21bo_2        9
     sky130_fd_sc_hd__a21boi_2       6
     sky130_fd_sc_hd__a21o_2       124
     sky130_fd_sc_hd__a21oi_2      183
     sky130_fd_sc_hd__a221o_2       37
     sky130_fd_sc_hd__a221oi_2      10
     sky130_fd_sc_hd__a22o_2       127
     sky130_fd_sc_hd__a22oi_2       58
     sky130_fd_sc_hd__a2bb2o_2      14
     sky130_fd_sc_hd__a2bb2oi_2      7
     sky130_fd_sc_hd__a311o_2       15
     sky130_fd_sc_hd__a311oi_2       7
     sky130_fd_sc_hd__a31o_2       157
     sky130_fd_sc_hd__a31oi_2       36
     sky130_fd_sc_hd__a32o_2        32
     sky130_fd_sc_hd__a32oi_2        8
     sky130_fd_sc_hd__a41o_2        34
     sky130_fd_sc_hd__a41oi_2       11
     sky130_fd_sc_hd__and2_2        83
     sky130_fd_sc_hd__and2b_2       62
     sky130_fd_sc_hd__and3_2       128
     sky130_fd_sc_hd__and3b_2       35
     sky130_fd_sc_hd__and4_2        46
     sky130_fd_sc_hd__and4b_2       12
     sky130_fd_sc_hd__and4bb_2       4
     sky130_fd_sc_hd__buf_1         32
     sky130_fd_sc_hd__dfxtp_2     1689
     sky130_fd_sc_hd__inv_2        111
     sky130_fd_sc_hd__mux2_1      1021
     sky130_fd_sc_hd__mux4_2       177
     sky130_fd_sc_hd__nand2_2      163
     sky130_fd_sc_hd__nand2b_2     101
     sky130_fd_sc_hd__nand3_2      101
     sky130_fd_sc_hd__nand3b_2      10
     sky130_fd_sc_hd__nand4_2       33
     sky130_fd_sc_hd__nand4b_2       7
     sky130_fd_sc_hd__nor2_2       113
     sky130_fd_sc_hd__nor3_2        23
     sky130_fd_sc_hd__nor3b_2        5
     sky130_fd_sc_hd__nor4_2        16
     sky130_fd_sc_hd__nor4b_2        3
     sky130_fd_sc_hd__o2111a_2      12
     sky130_fd_sc_hd__o2111ai_2     23
     sky130_fd_sc_hd__o211a_2      308
     sky130_fd_sc_hd__o211ai_2     135
     sky130_fd_sc_hd__o21a_2       140
     sky130_fd_sc_hd__o21ai_2      314
     sky130_fd_sc_hd__o21ba_2       69
     sky130_fd_sc_hd__o21bai_2      45
     sky130_fd_sc_hd__o221a_2      120
     sky130_fd_sc_hd__o221ai_2      42
     sky130_fd_sc_hd__o22a_2        83
     sky130_fd_sc_hd__o22ai_2       27
     sky130_fd_sc_hd__o2bb2a_2      28
     sky130_fd_sc_hd__o2bb2ai_2     11
     sky130_fd_sc_hd__o311a_2       35
     sky130_fd_sc_hd__o311ai_2       8
     sky130_fd_sc_hd__o31a_2        88
     sky130_fd_sc_hd__o31ai_2        9
     sky130_fd_sc_hd__o32a_2        20
     sky130_fd_sc_hd__o32ai_2        4
     sky130_fd_sc_hd__o41a_2         7
     sky130_fd_sc_hd__o41ai_2        3
     sky130_fd_sc_hd__or2_2        105
     sky130_fd_sc_hd__or3_2         73
     sky130_fd_sc_hd__or3b_2        18
     sky130_fd_sc_hd__or4_2         71
     sky130_fd_sc_hd__or4b_2        36
     sky130_fd_sc_hd__or4bb_2        4
     sky130_fd_sc_hd__xnor2_2       22
     sky130_fd_sc_hd__xor2_2        14

   Chip area for module '\top': 88167.059200
     of which used for sequential elements: 35925.705600 (40.75%)

210. Executing Verilog backend.
Dumping module `\top'.

211. Executing JSON backend.
